id,name,upazila
4540,Kaliara Babragati,491
4539,Medni,491
4538,Rouha,491
4537,Mougati,491
4536,Thakurakona,491
4535,Singher Bangla,491
4534,Lokkhiganj,491
4533,Amtola,491
4532,Modonpur,491
4531,Dokkhin Bishiura,491
4530,Kailati,491
4529,Chollisha,491
4528,Purbadhala,490
4527,Agia,490
4526,Dhalamulgaon,490
4525,Gohalakanda,490
4524,Hogla,490
4523,Bairaty,490
4522,Bishkakuni,490
4521,Narandia,490
4520,Jaria,490
4519,Ghagra,490
4518,Khalishaur,490
4517,Gaglajur,489
4516,Suair,489
4515,Somaj Sohildeo,489
4514,Maghan Siadar,489
4513,Tetulia,489
4512,Borotoli Banihari,489
4511,Borokashia Birampur,489
4510,Kharnoi,488
4509,Borokhapon,488
4508,Lengura,488
4507,Rongchati,488
4506,Kolmakanda,488
4505,Pogla,488
4504,Najirpur,488
4503,Koilati,488
4502,Gazipur,487
4501,Mendipur,487
4500,Khaliajuri,487
4499,Chakua,487
4498,Nogor,487
4497,Krishnapur,487
4496,Kytail,486
4495,Chandgaw,486
4494,Madan,486
4493,Gobindasree,486
4492,Magan,486
4491,Teosree,486
4490,Nayekpur,486
4489,Fathepur,486
4488,Sukhari,485
4487,Duoj,485
4486,Teligati,485
4485,Baniyajan,485
4484,Lunesshor,485
4483,Shunoi,485
4482,Shormushia,485
4481,Muzafarpur,484
4480,Paikura,484
4479,Roailbari Amtala,484
4478,Chirang,484
4477,Kandiura,484
4476,Noapara,484
4475,Bolaishimul,484
4474,Maska,484
4473,Sandikona,484
4472,Gonda,484
4471,Goraduba,484
4470,Dalpa,484
4469,Asujia,484
4468,Gawkandia,483
4467,Bakaljora,483
4466,Birisiri,483
4465,Chandigarh,483
4464,Kullagora,483
4463,Kakoirgora,483
4462,Durgapur,483
4461,Singdha,482
4460,Sahata,482
4459,Raypur,482
4458,Barhatta,482
4457,Baushi,482
4456,Chhiram,482
4455,Asma,482
4454,Merurchar,481
4453,Nilakhia,481
4452,Bakshigonj,481
4451,Shadurpara,481
4450,Battajore,481
4449,Bagarchar,481
4448,Danua,481
4447,Sidhuli,480
4446,Adarvita,480
4445,Jorekhali,480
4444,Balijuri,480
4443,Gunaritala,480
4442,Karaichara,480
4441,Char Pakerdah,480
4440,Mahadan,479
4439,Kamrabad,479
4438,Bhatara,479
4437,Pingna,479
4436,Aona,479
4435,Doail,479
4434,Pogaldigha,479
4433,Satpoa,479
4432,Dewangonj,478
4431,Chukaibari,478
4430,Chikajani,478
4429,Bahadurabad,478
4428,Hatibanga,478
4427,Parram Rampur,478
4426,Char Amkhawa,478
4425,Dungdhara,478
4424,Chargualini,477
4423,Charputimari,477
4422,Gaibandha,477
4421,Gualerchar,477
4420,Palabandha,477
4419,Partharshi,477
4418,Islampur,477
4417,Noarpara,477
4416,Shapdari,477
4415,Chinaduli,477
4414,Belghacha,477
4413,Kulkandi,477
4412,Shuampur,476
4411,Jhaugara,476
4410,Ghuserpara,476
4409,Fulkucha,476
4408,Charbani Pakuria,476
4407,Adra,476
4406,Nayanagar,476
4405,Nangla,476
4404,Mahmudpur,476
4403,Kulia,476
4402,Durmot,476
4401,Rashidpur,475
4400,Digpait,475
4399,Mesta,475
4398,Titpalla,475
4397,Shahbajpur,475
4396,Sheepur,475
4395,Ranagacha,475
4394,Bashchara,475
4393,Ghorada,475
4392,Narundi,475
4391,Itail,475
4390,Tolshirchar,475
4389,Laxirchar,475
4388,Sharifpur,475
4387,Kendua,475
4386,Jahangirpur,473
4385,Kharua,473
4384,Mushulli,473
4383,Achargaon,473
4382,Singroil,473
4381,Sherpur,473
4380,Muajjempur,473
4379,Rajgati,473
4378,Gangail,473
4377,Chandipasha,473
4376,Nandail,473
4375,Batagoir,473
4374,Barahit,472
4373,Tarundia,472
4372,Uchakhila,472
4371,Jatia,472
4370,Magtula,472
4369,Maijbagh,472
4368,Rajibpur,472
4367,Atharabari,472
4366,Sohagi,472
4365,Sarisha,472
4364,Iswarganj,472
4363,Tangabo,471
4362,Niguari,471
4361,Dotterbazar,471
4360,Usthi,471
4359,Panchbagh,471
4358,Moshakhali,471
4357,Josora,471
4356,Gafargaon,471
4355,Paithol,471
4354,Longair,471
4353,Raona,471
4352,Saltia,471
4351,Charalgi,471
4350,Barobaria,471
4349,Rasulpur,471
4348,Sidhla,470
4347,Bhangnamari,470
4346,Douhakhola,470
4345,Ramgopalpur,470
4344,Maoha,470
4343,Gouripur,470
4342,Bokainagar,470
4341,Mailakanda,470
4340,Achintapur,470
4339,Sahanati,470
4338,Swadeshi,469
4337,Amtoil,469
4336,Dhurail,469
4335,Dhara,469
4334,Narail,469
4333,Sakuai,469
4332,Bildora,469
4331,Gazirbhita,469
4330,Haluaghat,469
4329,Kaichapur,469
4328,Jugli,469
4327,Bhubankura,469
4326,Rampur,474
4325,Kamaria,474
4324,Kamargaon,474
4323,Galagaon,474
4322,Tarakanda,474
4321,Rupasi,468
4320,Dhakua,474
4319,Kakni,474
4318,Balikha,474
4317,Rahimganj,468
4316,Balia,468
4315,Payari,468
4314,Baola,468
4313,Biska,474
4312,Banihala,474
4311,Phulpur,468
4310,Singheshwar,468
4309,Vaitkandi,468
4308,Sondhara,468
4307,Rambhadrapur,468
4306,Baghber,467
4305,Ghoshgaon,467
4304,Goatala,467
4303,Porakandulia,467
4302,Dhobaura,467
4301,Gamaritola,467
4300,Dakshin Maijpara,467
4299,Boyra,466
4298,Vabokhali,466
4297,Ghagra,466
4296,Char Ishwardia,466
4295,Sirta,466
4294,Paranganj,466
4293,Kushtia,466
4292,Charnilaxmia,466
4291,Khagdohor,466
4290,Aqua,466
4289,Dapunia,466
4288,Bororchar,466
4287,Austadhar,466
4286,Kheruajani,465
4285,Kashimpur,465
4284,Daogaon,465
4283,Ghoga,465
4282,Mankon,465
4281,Basati,465
4280,Kumargata,465
4279,Tarati,465
4278,Borogram,465
4277,Dulla,465
4276,Rajoi,464
4275,Habirbari,464
4274,Kachina,464
4273,Mallikbari,464
4272,Bhaluka,464
4271,Birunia,464
4270,Dakatia,464
4269,Dhitpur,464
4268,Varadoba,464
4267,Meduari,464
4266,Uthura,464
4265,Rampur,463
4264,Amirabari,463
4263,Mathbari,463
4262,Mokshapur,463
4261,Balipara,463
4260,Sakhua,463
4259,Harirampur,463
4258,Trishal,463
4257,Kanihari,463
4256,Kanthal,463
4255,Bailor,463
4254,Dhanikhola,463
4253,Balian,462
4252,Vobanipur,462
4251,Asimpatuli,462
4250,Radhakanai,462
4249,Kaladaha,462
4248,Enayetpur,462
4247,Rangamatia,462
4246,Bakta,462
4245,Fulbaria,462
4244,Kushmail,462
4243,Putijana,462
4242,Naogaon,462
4241,Deukhola,462
4240,Malijhikanda,461
4239,Hatibandha,461
4238,Jhenaigati,461
4237,Gouripur,461
4236,Nolkura,461
4235,Dansail,461
4234,Kansa,461
4233,Chandrakona,460
4232,Choraustadhar,460
4231,Talki,460
4230,Pathakata,460
4229,Baneshwardi,460
4228,Gourdwar,460
4227,Urpha,460
4226,Nokla,460
4225,Gonopoddi,460
4224,Garjaripa,459
4223,Kurikahonia,459
4222,Kharia Kazirchar,459
4221,Bhelua,459
4220,Sreebordi,459
4219,Gosaipur,459
4218,Tatihati,459
4217,Kakilakura,459
4216,Singabaruna,459
4215,Ranishimul,459
4214,Rupnarayankura,458
4213,Koloshpar,458
4212,Bagber,458
4211,Juganiya,458
4210,Nalitabari,458
4209,Kakorkandhi,458
4208,Ramchondrokura,458
4207,Nayabil,458
4206,Rajnogor,458
4205,Morichpuran,458
4204,Nonni,458
4203,Puraga,458
4202,Balairchar,457
4201,Betmari Ghughurakandi,457
4200,Chorpokhimari,457
4199,Chor Mochoriya,457
4198,Kamariya,457
4197,Rouha,457
4196,Losmonpur,457
4195,Vatshala,457
4194,Pakuriya,457
4193,Dhola,457
4192,Gajir Khamar,457
4191,Bajitkhila,457
4190,Chorsherpur,457
4189,Kamararchor,457
4188,Mohongonj,456
4187,Kodalkati,456
4186,Rajibpur,456
4185,Jadurchar,455
4184,Rowmari,455
4183,Bondober,455
4182,Shoulemari,455
4181,Dadevanga,455
4180,Austomirchar,454
4179,Chilmari,454
4178,Ramna,454
4177,Thanahat,454
4176,Nayarhat,454
4175,Ranigonj,454
4174,Thetrai,453
4173,Shahabiar Alga,453
4172,Begumgonj,453
4171,Hatia,453
4170,Tobockpur,453
4169,Bazra,453
4168,Gunaigas,453
4167,Dhamsreni,453
4166,Dharanibari,453
4165,Buraburi,453
4164,Pandul,453
4163,Durgapur,453
4162,Daldalia,453
4161,Umarmajid,452
4160,Biddanondo,452
4159,Chakirpashar,452
4158,Gharialdanga,452
4157,Nazimkhan,452
4156,Rajarhat,452
4155,Chinai,452
4154,Kashipur,451
4153,Bhangamor,451
4152,Baravita,451
4151,Phulbari,451
4150,Shimulbari,451
4149,Nawdanga,451
4148,Boldia,450
4147,Bangasonahat,450
4146,Char-Bhurungamari,450
4145,Andharirjhar,450
4144,Joymonirhat,450
4143,Bhurungamari,450
4142,Paikarchara,450
4141,Tilai,450
4140,Shilkhuri,450
4139,Pathordubi,450
4138,Bollobherkhas,449
4137,Kachakata,449
4136,Kedar,449
4135,Narayanpur,449
4134,Noonkhawa,449
4133,Kaligonj,449
4132,Bhitorbond,449
4131,Newyashi,449
4130,Hasnabad,449
4129,Sontaspur,449
4128,Berubari,449
4127,Bamondanga,449
4126,Raigonj,449
4125,Ramkhana,449
4124,Bhogdanga,448
4123,Kanthalbari,448
4122,Jatrapur,448
4121,Panchgachi,448
4120,Mogolbasa,448
4119,Belgacha,448
4118,Ghogadhoh,448
4117,Holokhana,448
4116,Koikuri,447
4115,Tambulpur,447
4114,Annodanagar,447
4113,Pirgacha,447
4112,Kandi,447
4111,Saula,447
4110,Itakumari,447
4109,Parul,447
4108,Kollyani,447
4107,Kurshaupk,446
4106,Tepamodhupur,446
4105,Haragach,446
4104,Shahidbag,446
4103,Balapara,446
4102,Sarai,446
4101,Pachgachi,445
4100,Kabilpur,445
4099,Chattra,445
4098,Ramnathpur,445
4097,Mithipur,445
4096,Shanerhat,445
4095,Pirgonj,445
4094,Raypur,445
4093,Boro Alampur,445
4092,Tukuria,445
4091,Modankhali,445
4090,Kumedpur,445
4089,Borodargah,445
4088,Vendabari,445
4087,Chattracol,445
4086,Boro Hazratpur,444
4085,Durgapur,444
4084,Mgopalpur,444
4083,Milonpur,444
4082,Imadpur,444
4081,Mirzapur,444
4080,Borobala,444
4079,Baluya Masimpur,444
4078,Moyenpur,444
4077,Chengmari,444
4076,Latibpur,444
4075,Kafrikhal,444
4074,Balarhat,444
4073,Vangni,444
4072,Payrabond,444
4071,Ranipukur,444
4070,Khoragach,444
4069,Ramnathpurupb,443
4068,Damodorpur,443
4067,Gopalpur,443
4066,Lohanipara,443
4065,Kalupara,443
4064,Bishnapur,443
4063,Kutubpur,443
4062,Modhupur,443
4061,Gopinathpur,443
4060,Radhanagar,443
4059,Hariarkuthi,442
4058,Ikorchali,442
4057,Soyar,442
4056,Alampur,442
4055,Kurshatara,442
4054,Nohali,441
4053,Lakkhitari,441
4052,Alambiditor,441
4051,Morneya,441
4050,Gojoghonta,441
4049,Gongachora,441
4048,Kolcondo,441
4047,Borobil,441
4046,Kholeya,441
4045,Betgari,441
4044,Tampat,440
4043,Dorshona,440
4042,Chandanpat,440
4041,Sadwapuskoroni,440
4040,Rajendrapur,440
4039,Satgara,440
4038,Topodhan,440
4037,Porshuram,440
4036,Uttam,440
4035,Horidebpur,440
4034,Mominpur,440
4033,Borobari,439
4032,Amjankhore,439
4031,Vanor,439
4030,Duosuo,439
4029,Boropalashbari,439
4028,Dhontola,439
4027,Charol,439
4026,Paria,439
4025,Bhaturia,438
4024,Haripur,438
4023,Dangipara,438
4022,Bakua,438
4021,Amgaon,438
4020,Gedura,438
4019,Nonduar,437
4018,Ratore,437
4017,Kashipur,437
4016,Bachor,437
4015,Lehemba,437
4014,Hosengaon,437
4013,Nekmorod,437
4012,Dhormogarh,437
4011,Bairchuna,436
4010,Jabarhat,436
4009,Sengaon,436
4008,Daulatpur,436
4007,Hajipur,436
4006,Pirganj,436
4005,Saidpur,436
4004,Khangaon,436
4003,Kosharaniganj,436
4002,Bhomradaha,436
4001,Dholarhat,435
4000,Ruhia Pashchim,435
3999,Begunbari,435
3998,Sukhanpukhari,435
3997,Jagannathpur,435
3996,Nargun,435
3995,Debipur,435
3994,Rajagaon,435
3993,Gareya,435
3992,Salandar,435
3991,Mohammadpur,435
3990,Jamalpur,435
3989,Roypur,435
3988,Rahimanpur,435
3987,Chilarang,435
3986,Auliapur,435
3985,Balia,435
3984,Baragaon,435
3983,Ahcha,435
3982,Akhanagar,435
3981,Ruhea,435
3980,Fazlupur,434
3979,Erendabari,434
3978,Phulchari,434
3977,Gazaria,434
3976,Udakhali,434
3975,Uria,434
3974,Kanchipara,434
3973,Haripur,433
3972,Kapasia,433
3971,Chandipur,433
3970,Sreepur,433
3969,Konchibari,433
3968,Shantiram,433
3967,Chaporhati,433
3966,Dhopadanga,433
3965,Ramjibon,433
3964,Sorbanondo,433
3963,Dohbond,433
3962,Belka,433
3961,Tarapur,433
3960,Sonaroy,433
3959,Bamondanga,433
3958,Shalmara,432
3957,Mahimaganj,432
3956,Shibpur,432
3955,Kochasahar,432
3954,Kamardoho,432
3953,Gumaniganj,432
3952,Phulbari,432
3951,Rakhalburuj,432
3950,Harirampur,432
3949,Nakai,432
3948,Talukkanupur,432
3947,Dorbosto,432
3946,Sapmara,432
3945,Rajahar,432
3944,Shakhahar,432
3943,Katabari,432
3942,Kamdia,432
3941,Bonarpara,431
3940,Kamalerpara,431
3939,Jumarbari,431
3938,Holdia,431
3937,Ghuridah,431
3936,Kachua,431
3935,Muktinagar,431
3934,Saghata,431
3933,Varotkhali,431
3932,Padumsahar,431
3931,Harinathpur,430
3930,Monohorpur,430
3929,Pobnapur,430
3928,Betkapa,430
3927,Mohdipur,430
3926,Barisal,430
3925,Palashbari,430
3924,Hosenpur,430
3923,Kishoregari,430
3922,Kamarjani,429
3921,Mollarchar,429
3920,Kholahati,429
3919,Gidari,429
3918,Ghagoa,429
3917,Boali,429
3916,Badiakhali,429
3915,Ramchandrapur,429
3914,Ballamjhar,429
3913,Shahapara,429
3912,Kuptola,429
3911,Malibari,429
3910,Laxmipur,429
3909,Khodkomor,428
3908,Kamarpara,428
3907,Bongram,428
3906,Vatgram,428
3905,Idilpur,428
3904,Dhaperhat,428
3903,Faridpur,428
3902,Jamalpur,428
3901,Damodorpur,428
3900,Noldanga,428
3899,Rasulpur,428
3898,Tupamari,427
3897,Lakshmicha,427
3896,Chapra Sarnjami,427
3895,Charaikhola,427
3894,Songalsi,427
3893,Sonaray,427
3892,Kundapukur,427
3891,Itakhola,427
3890,Panchapukur,427
3889,Kachukata,427
3888,Ramnagar,427
3887,Palasbari,427
3886,Khoksabari,427
3885,Gorgram,427
3884,Chaora Bargacha,427
3883,Magura,426
3882,Garagram,426
3881,Ranachandi,426
3880,Kishoreganj,426
3879,Chandkhana,426
3878,Bahagili,426
3877,Nitai,426
3876,Putimari,426
3875,Barabhita,426
3874,Kaimari,425
3873,Shaulmari,425
3872,Khutamara,425
3871,Kathali,425
3870,Mirganj,425
3869,Simulbari,425
3868,Dharmapal,425
3867,Golna,425
3866,Balagram,425
3865,Golmunda,425
3864,Douabari,425
3863,Purba Chhatnay,424
3862,Tepa Khribari,424
3861,Jhunagach Chapani,424
3860,Khalisha Chapani,424
3859,Noutara,424
3858,Gayabari,424
3857,Khogakharibari,424
3856,Dimla Sadar,424
3855,Balapara,424
3854,Paschim Chhatnay,424
3853,Harinchara,423
3852,Sonaray,423
3851,Domar,423
3850,Boragari,423
3849,Panga Motukpur,423
3848,Bamunia,423
3847,Jorabari,423
3846,Ketkibari,423
3845,Bhogdaburi,423
3844,Gomnati,423
3843,Khata Madhupur,422
3842,Botlagari,422
3841,Bangalipur,422
3840,Kasiram Belpukur,422
3839,Kamarpukur,422
3838,Mohishkhocha,421
3837,Palashi,421
3836,Saptibari,421
3835,Sarpukur,421
3834,Durgapur,421
3833,Kamlabari,421
3832,Bhadai,421
3831,Bhelabari,421
3830,Burimari,420
3829,Dahagram,420
3828,Baura,420
3827,Jongra,420
3826,Kuchlibari,420
3825,Jagatber,420
3824,Patgram,420
3823,Sreerampur,420
3822,Dawabari,419
3821,Fakirpara,419
3820,Shaniajan,419
3819,Vhelaguri,419
3818,Gotamari,419
3817,Nowdabas,419
3816,Paticapara,419
3815,Sindurna,419
3814,Tongvhanga,419
3813,Singimari,419
3812,Goddimari,419
3811,Barokhata,419
3810,Kakina,418
3809,Cholbola,418
3808,Chondropur,418
3807,Goral,418
3806,Tushbhandar,418
3805,Dologram,418
3804,Modati,418
3803,Bhotmari,418
3802,Panchagram,417
3801,Khuniagachh,417
3800,Mohendranagar,417
3799,Kulaghat,417
3798,Barobari,417
3797,Gokunda,417
3796,Mogolhat,417
3795,Harati,417
3794,Rajpur,417
3793,Alokdihi,416
3792,Tetulia,416
3791,Punotti,416
3790,Viail,416
3789,Saitara,416
3788,Auliapukur,416
3787,Amarpur,416
3786,Abdulpur,416
3785,Isobpur,416
3784,Fatejangpur,416
3783,Satnala,416
3782,Nashratpur,416
3781,Rajarampur,415
3780,Ranipukur,415
3779,Mongalpur,415
3778,Dharmapur,415
3777,Bijora,415
3776,Bhandra,415
3775,Birol,415
3774,Shohorgram,415
3773,Dhamoir,415
3772,Farakkabad,415
3771,Azimpur,415
3770,Khamarpara,414
3769,Bhabki,414
3768,Goaldihi,414
3767,Angarpara,414
3766,Bherbheri,414
3765,Alokjhari,414
3764,Boalder,413
3763,Khattamadobpara,413
3762,Alihat,413
3761,Kamalpur,412
3760,Askorpur,412
3759,Sankarpur,412
3758,Uthrail,412
3757,Auliapur,412
3756,Shashora,412
3755,Shekpura,412
3754,Fazilpur,412
3753,Sundorbon,412
3752,Chealgazi,412
3751,Shibnagor,411
3750,Daulatpur,411
3749,Khairbari,411
3748,Bethdighi,411
3747,Kagihal,411
3746,Aladipur,411
3745,Aloary,411
3744,Sundarpur,410
3743,Ramchandrapur,410
3742,Targao,410
3741,Mukundapur,410
3740,Rasulpur,410
3739,Dabor,410
3738,Murshidhat,409
3737,Rongaon,409
3736,Shatail,409
3735,Atgaon,409
3734,Eshania,409
3733,Nafanagar,409
3732,Harirampur,408
3731,Hamidpur,408
3730,Habra,408
3729,Mostofapur,408
3728,Mominpur,408
3727,Chandipur,408
3726,Polashbari,408
3725,Rampur,408
3724,Monmothopur,408
3723,Belaichandi,408
3722,Poliproyagpur,407
3721,Jatbani,407
3720,Binail,407
3719,Dior,407
3718,Khanpur,407
3717,Katla,407
3716,Mukundopur,407
3715,Ghoraghat,406
3714,Singra,406
3713,Palsha,406
3712,Bulakipur,406
3711,Moricha,405
3710,Mohonpur,405
3709,Sator,405
3708,Bhognagar,405
3707,Mohammadpur,405
3706,Nijpara,405
3705,Sujalpur,405
3704,Paltapur,405
3703,Shatagram,405
3702,Polashbari,405
3701,Shibrampur,405
3700,Kushdaha,404
3699,Mahmudpur,404
3698,Daudpur,404
3697,Bhaduria,404
3696,Putimara,404
3695,Shalkhuria,404
3694,Golapgonj,404
3693,Binodnagar,404
3692,Joypur,404
3691,Timaihat,403
3690,Tentulia,403
3689,Salbahan,403
3688,Debnagar,403
3687,Buraburi,403
3686,Bhojoanpur,403
3685,Bhojoanpur,403
3684,Banglabandha,403
3683,Dhamor,402
3682,Alowakhowa,402
3681,Balarampur,402
3680,Toria,402
3679,Radhanagar,402
3678,Mirgapur,402
3677,Pachpir,401
3676,Sakoa,401
3675,Boda,401
3674,Marea Bamonhat,401
3673,Chandanbari,401
3672,Boroshoshi,401
3671,Kajoldighi Kaligonj,401
3670,Banghari,401
3669,Moidandighi,401
3668,Jholaishal Shiri,401
3667,Chengthi Hazra Danga,400
3666,Debiduba,400
3665,Dandopal,400
3664,Tepriganj,400
3663,Sonahar Mollikadaha,400
3662,Sundardighi,400
3661,Pamuli,400
3660,Debiganj Sadar,400
3659,Shaldanga,400
3658,Chilahati,400
3657,Garinabari,399
3656,Magura,399
3655,Dhakkamara,399
3654,Kamat Kajol Dighi,399
3653,Hafizabad,399
3652,Chaklahat,399
3651,Haribhasa,399
3650,Amarkhana,399
3649,Satmara,399
3648,Panchagarh Sadar,399
3647,Sonapur,398
3646,Ramkantapur,398
3645,Jadunandi,398
3644,Gatti,398
3643,Ballabhdi,398
3642,Mazadia,398
3641,Atghar,398
3640,Bhawal,398
3639,Kamarkhali,397
3638,Nowpara,397
3637,Dumain,397
3636,Bagat,397
3635,Raipur,397
3634,Megchami,397
3633,Gazna,397
3632,Jahapur,397
3631,Madhukhali,397
3630,Char Jahukanda,396
3629,Char Harirampur,396
3628,Char Bhadrasan,396
3627,Gazirtek,396
3626,Hamirdi,395
3625,Chandra,395
3624,Azimnagor,395
3623,Kalamridha,395
3622,Chumurdi,395
3621,Algi,395
3620,Tujerpur,395
3619,Nasirabad,395
3618,Kawlibera,395
3617,Manikdha,395
3616,Nurullagonj,395
3615,Gharua,395
3614,Kodalia Shohidnagar,394
3613,Dangi,394
3612,Fulsuti,394
3611,Talma,394
3610,Kaichail,394
3609,Ramnagar,394
3608,Laskardia,394
3607,Purapara,394
3606,Charjashordi,394
3605,Dhaukhali,393
3604,Char Manair,393
3603,Sadarpur,393
3602,Krishnapur,393
3601,Bhashanchar,393
3600,Narikel Bariya,393
3599,Char Nasirpur,393
3598,Akoter Char,393
3597,Char Bisnopur,393
3596,Moyna,392
3595,Shekhar,392
3594,Rupapat,392
3593,Satair,392
3592,Parameshwardi,392
3591,Chandpur,392
3590,Gunbaha,392
3589,Ghoshpur,392
3588,Chatul,392
3587,Dadpur,392
3586,Boalmari,392
3585,Gopalpur,391
3584,Panchuria,391
3583,Bana,391
3582,Tagarbanda,391
3581,Alfadanga,391
3580,Buraich,391
3579,Greda,390
3578,Kaijuri,390
3577,Kanaipur,390
3576,Ambikapur,390
3575,Krishnanagar,390
3574,Majchar,390
3573,Decreerchar,390
3572,Uttarchannel,390
3571,Aliabad,390
3570,Charmadbdia,390
3569,Ishangopalpur,390
3568,Kashalia,389
3567,Mochna,389
3566,Gohala,389
3565,Raghdi,389
3564,Jalirpar,389
3563,Batikamari,389
3562,Moharajpur,389
3561,Vabrashur,389
3560,Banshbaria,389
3559,Bohugram,389
3558,Khandarpara,389
3557,Gobindopur,389
3556,Poshargati,389
3555,Dignagar,389
3554,Nanikhir,389
3553,Ujani,389
3552,Kandi,388
3551,Hiron,388
3550,Radhaganj,388
3549,Ghaghor,388
3548,Pinjuri,388
3547,Amtoli,388
3546,Kushla,388
3545,Kolabari,388
3544,Bandhabari,388
3543,Ramshil,388
3542,Sadullapur,388
3541,Dumaria,387
3540,Borni,387
3539,Patgati,387
3538,Gopalpur,387
3537,Kushli,387
3536,Singa,386
3535,Puisur,386
3534,Ratail,386
3533,Parulia,386
3532,Orakandia,386
3531,Maheshpur,386
3530,Mamudpur,386
3529,Sajail,386
3528,Nijamkandi,386
3527,Bethuri,386
3526,Rajpat,386
3525,Fukura,386
3524,Hatiara,386
3523,Kashiani,386
3522,Boultali,385
3521,Kati,385
3520,Borashi,385
3519,Gobra,385
3518,Roghunathpur,385
3517,Majhigati,385
3516,Kajulia,385
3515,Durgapur,385
3514,Karpara,385
3513,Nizra,385
3512,Ulpur,385
3511,Horidaspur,385
3510,Sahapur,385
3509,Satpar,385
3508,Lotifpur,385
3507,Urfi,385
3506,Paikkandi,385
3505,Gopinathpur,385
3504,Chandradighalia,385
3503,Shuktail,385
3502,Jalalabad,385
3501,Paikpara,384
3500,Hosenpur,384
3499,Kabirajpur,384
3498,Badarpasa,384
3497,Ishibpur,384
3496,Khaliya,384
3495,Rajoir,384
3494,Amgram,384
3493,Bajitpur,384
3492,Kadambari,384
3491,Haridasdi-Mahendrodi,384
3490,Shikarmongol,383
3489,Shahebrampur,383
3488,Ramjanpur,383
3487,Nabogram,383
3486,Laxmipur,383
3485,Kazibakai,383
3484,Koyaria,383
3483,Gopalpur,383
3482,Enayetnagor,383
3481,Dashar,383
3480,Chardoulatkhan,383
3479,Basgari,383
3478,Baligram,383
3477,Alinagar,383
3476,Dattapara,382
3475,Shiruail,382
3474,Vhadrasion,382
3473,Umedpur,382
3472,Baskandi,382
3471,Baheratala North,382
3470,Bahertala South,382
3469,Vhandarikandi,382
3468,Kadirpur,382
3467,Kutubpur,382
3466,Kathalbari,382
3465,Sannasirchar,382
3464,Panchar,382
3463,Madbarerchar,382
3462,Charjanazat,382
3461,Bandarkhola,382
3460,Nilokhe,382
3459,Ditiyakhando,382
3458,Shibchar,382
3457,Dhurail,381
3456,Rasti,381
3455,Khoajpur,381
3454,Jhaoudi,381
3453,Ghatmajhi,381
3452,Panchkhola,381
3451,Chilarchar,381
3450,Kalikapur,381
3449,Dudkhali,381
3448,Mastofapur,381
3447,Kandua,381
3446,Peyarpur,381
3445,Kunia,381
3444,Bahadurpur,381
3443,Sirkhara,381
3442,Mrigi,380
3441,Shawrail,380
3440,Madapur,380
3439,Majbari,380
3438,Boalia,380
3437,Kalikapur,380
3436,Ratandia,380
3435,Kalukhali,380
3434,Jamalpur,379
3433,Janjal,379
3432,Baliakandi,379
3431,Narua,379
3430,Nawabpur,379
3429,Baharpur,379
3428,Islampur,379
3427,Machhpara,378
3426,Kasbamajhail,378
3425,Kalimahar,378
3424,Sarisha,378
3423,Patta,378
3422,Mourat,378
3421,Babupara,378
3420,Jashai,378
3419,Habashpur,378
3418,Bahadurpur,378
3417,Chotovakla,377
3416,Uzancar,377
3415,Debugram,377
3414,Doulatdia,377
3413,Sultanpur,376
3412,Panchuria,376
3411,Shahidwahabpur,376
3410,Ramkantapur,376
3409,Alipur,376
3408,Khankhanapur,376
3407,Basantapur,376
3406,Mulghar,376
3405,Dadshee,376
3404,Banibaha,376
3403,Khangonj,376
3402,Chandoni,376
3401,Borat,376
3400,Mijanpur,376
3399,Dighirpar,375
3398,Hasailbanari,375
3397,Kamarkhara,375
3396,Panchgaon,375
3395,Joslong,375
3394,Kathadia Shimolia,375
3393,Dhipur,375
3392,Arial Baligaon,375
3391,Autshahi,375
3390,Sonarong Tongibari,375
3389,Abdullapur,375
3388,Betka,375
3387,Imampur,374
3386,Guagachia,374
3385,Hosendee,374
3384,Tengarchar,374
3383,Baluakandi,374
3382,Vaberchar,374
3381,Baushia,374
3380,Gajaria,374
3379,Kalma,373
3378,Gaodia,373
3377,Khidirpara,373
3376,Baultoli,373
3375,Bejgaon,373
3374,Lohajang-Teotia,373
3373,Kanaksar,373
3372,Haldia,373
3371,Kumarbhog,373
3370,Medinimandal,373
3369,Joyinshar,372
3368,Kola,372
3367,Madhypara,372
3366,Malkhanagar,372
3365,Bairagadi,372
3364,Ichhapura,372
3363,Rasunia,372
3362,Latabdi,372
3361,Baluchar,372
3360,Basail,372
3359,Keyain,372
3358,Rajanagar,372
3357,Sekhornagar,372
3356,Chitracoat,372
3355,Tantor,371
3354,Atpara,371
3353,Kukutia,371
3352,Rarikhal,371
3351,Bagra,371
3350,Vaggakol,371
3349,Kolapara,371
3348,Shamshiddi,371
3347,Patabhog,371
3346,Sreenagar,371
3345,Shologhor,371
3344,Birtara,371
3343,Hashara,371
3342,Baraikhali,371
3341,Banglabazar,370
3340,Shiloy,370
3339,Adhara,370
3338,Mollakandi,370
3337,Charkewar,370
3336,Mohakali,370
3335,Bajrajogini,370
3334,Panchashar,370
3333,Rampal,370
3332,Bilaspur,369
3331,Mahmudpur,369
3330,Muksudpur,369
3329,Narisha,369
3328,Sutarpara,369
3327,Raipara,369
3326,Kusumhathi,369
3325,Nayabari,369
3324,Churain,368
3323,Galimpur,368
3322,Agla,368
3321,Kailail,368
3320,Barrah,368
3319,Bakshanagar,368
3318,Kalakopa,368
3317,Bandura,368
3316,Jantrail,368
3315,Sholla,368
3314,Nayansree,368
3313,Baruakhali,368
3312,Joykrishnapur,368
3311,Shikaripara,368
3310,Aganagar,367
3309,Konda,367
3308,Taghoria,367
3307,Suvadda,367
3306,Zinzira,367
3305,Kalindi,367
3304,Basta,367
3303,Ruhitpur,367
3302,Sakta,367
3301,Taranagar,367
3300,Kalatia,367
3299,Hazratpur,367
3298,Nannar,366
3297,Suapur,366
3296,Rowail,366
3295,Kulla,366
3294,Dhamrai,366
3293,Vararia,366
3292,Sombhag,366
3291,Sutipara,366
3290,Sanora,366
3289,Gangutia,366
3288,Kushura,366
3287,Baisakanda,366
3286,Jadabpur,366
3285,Balia,366
3284,Amta,366
3283,Chauhat,366
3282,Aminbazar,365
3281,Tetuljhora,365
3280,Kaundia,365
3279,Bongaon,365
3278,Pathalia,365
3277,Vakurta,365
3276,Yearpur,365
3275,Ashulia,365
3274,Shimulia,365
3273,Dhamsona,365
3272,Birulia,365
3271,Savar,365
3270,Chandhar,364
3269,Jamirta,364
3268,Dhalla,364
3267,Joymonto,364
3266,Shayesta,364
3265,Charigram,364
3264,Zamsha,364
3263,Baldhara,364
3262,Singiar,364
3261,Talebpur,364
3260,Buyra,364
3259,Dhamswar,363
3258,Klia,363
3257,Chakmirpur,363
3256,Khalshi,363
3255,Zionpur,363
3254,Baghutia,363
3253,Bachamara,363
3252,Charkataree,363
3251,Shimulia,362
3250,Mohadebpur,362
3249,Aruoa,362
3248,Ulayel,362
3247,Shibaloy,362
3246,Utholi,362
3245,Teota,362
3244,Nalee,361
3243,Baniazuri,361
3242,Bartia,361
3241,Gior,361
3240,Baliyakhora,361
3239,Shingzuri,361
3238,Paila,361
3237,Krishnapur,360
3236,Garpara,360
3235,Nbogram,360
3234,Vararia,360
3233,Hatipara,360
3232,Putile,360
3231,Dighi,360
3230,Atigram,360
3229,Jagir,360
3228,Betila-Mitara,360
3227,Fukurhati,359
3226,Dhankora,359
3225,Saturia,359
3224,Hargaj,359
3223,Tilli,359
3222,Dargram,359
3221,Baliyati,359
3220,Dighulia,359
3219,Baried,359
3218,Azimnagar,358
3217,Dhulsura,358
3216,Sutalorie,358
3215,Lacharagonj,358
3214,Kanchanpur,358
3213,Gopinathpur,358
3212,Ramkrishnapur,358
3211,Baira,358
3210,Harukandi,358
3209,Blara,358
3208,Chala,358
3207,Gala,358
3206,Balla,358
3205,Singpur,357
3204,Dampara,357
3203,Karpasa,357
3202,Nikli Sadar,357
3201,Jaraitala,357
3200,Guroi,357
3199,Chatirchar,357
3198,Bairati,356
3197,Katkhal,356
3196,Keoarjore,356
3195,Ghagra,356
3194,Dhaki,356
3193,Mithamoin,356
3192,Gopdighi,356
3191,Purba Austagram,355
3190,Khyerpur-Abdullahpur,355
3189,Adampur,355
3188,Kalma,355
3187,Bangalpara,355
3186,Austagram Sadar,355
3185,Kastul,355
3184,Dewghar,355
3183,Boliardi,354
3182,Dighirpar,354
3181,Dilalpur,354
3180,Sararchar,354
3179,Halimpur,354
3178,Homypur,354
3177,Maijchar9,354
3176,Hilochia,354
3175,Gazirchar,354
3174,Pirijpur,354
3173,Kailag,354
3172,Noabad,353
3171,Zafrabad,353
3170,Joyka,353
3169,Gunodhar,353
3168,Sutarpara,353
3167,Dehunda,353
3166,Niamatpur,353
3165,Barogharia,353
3164,Kiraton,353
3163,Gujadia,353
3162,Kadirjangal,353
3161,Danapatuli,352
3160,Karshakarial,352
3159,Chowddoshata,352
3158,Maria,352
3157,Binnati,352
3156,Bowlai,352
3155,Joshodal,352
3154,Mohinanda,352
3153,Maizkhapan,352
3152,Latibabad,352
3151,Rashidabad,352
3150,Faridpur,351
3149,Gobaria Abdullahpur,351
3148,Salua,351
3147,Chhaysuti,351
3146,Osmanpur,351
3145,Ramdi,351
3144,Pakundia,350
3143,Egarasindur,350
3142,Burudia,350
3141,Charfaradi,350
3140,Chandipasha,350
3139,Patuavabga,350
3138,Shukhia,350
3137,Narandi,350
3136,Hosendi,350
3135,Jangalia,350
3134,Pumdi,349
3133,Sahedal,349
3132,Araibaria,349
3131,Sidhla,349
3130,Gobindapur,349
3129,Jinari,349
3128,Tarail-Sachail,348
3127,Digdair,348
3126,Damiha,348
3125,Jawar,348
3124,Dhola,348
3123,Rauti,348
3122,Taljanga,348
3121,Shibpur,347
3120,Sreenagar,347
3119,Kalika Prashad,347
3118,Gajaria,347
3117,Shimulkandi,347
3116,Aganagar,347
3115,Sadekpur,347
3114,Jalalpur,346
3113,Lohajuree,346
3112,Mosua,346
3111,Acmita,346
3110,Mumurdia,346
3109,Chandpur,346
3108,Kargaon,346
3107,Shahasram Dhuldia,346
3106,Banagram,346
3105,Raytoti,345
3104,Dhonpur,345
3103,Mriga,345
3102,Itna,345
3101,Boribari,345
3100,Badla,345
3099,Alonjori,345
3098,Joysiddi,345
3097,Chawganga,345
3096,Jadunathpur,344
3095,Baniajan,344
3094,Birtara,344
3093,Bolibodrow,344
3092,Mushuddi,344
3091,Paiska,344
3090,Dhopakhali,344
3089,Gohaliabari,343
3088,Parkhi,343
3087,Dashokia,343
3086,Paikora,343
3085,Bangra,343
3084,Nagbari,343
3083,Salla,343
3082,Balla,343
3081,Kokdahara,343
3080,Shahadebpur,343
3079,Narandia,343
3078,Birbashinda,343
3077,Durgapur,343
3076,Mahamudnagar,342
3075,Katuli,342
3074,Hugra,342
3073,Kakua,342
3072,Baghil,342
3071,Dyenna,342
3070,Porabari,342
3069,Silimpur,342
3068,Karatia,342
3067,Gharinda,342
3066,Gala,342
3065,Mogra,342
3064,Baharatoil,341
3063,Kalmegha,341
3062,Dariapur,341
3061,Kalia,341
3060,Hatibandha,341
3059,Jaduppur,341
3058,Gajaria,341
3057,Kakrajan,341
3056,Doptior,340
3055,Bhadra,340
3054,Dhuburia,340
3053,Bekrah Atgram,340
3052,Pakutia,340
3051,Mokna,340
3050,Mamudnagor,340
3049,Nagorpur,340
3048,Solimabad,340
3047,Goyhata,340
3046,Sahabathpur,340
3045,Bharra,340
3044,Latifpur,339
3043,Baora,339
3042,Bastail,339
3041,Tarafpur,339
3040,Ajgana,339
3039,Gorai,339
3038,Bahuria,339
3037,Bhatram,339
3036,Warshi,339
3035,Anaitara,339
3034,Banail,339
3033,Fatepur,339
3032,Jamurki,339
3031,Mahera,339
3030,Mirjabari,338
3029,Golabari,338
3028,Sholakuri,338
3027,Aronkhola,338
3026,Aushnara,338
3025,Alokdia,338
3024,Mirzapur,337
3023,Hemnagor,337
3022,Alamnagor,337
3021,Dhopakandi,337
3020,Nagdashimla,337
3019,Jhawail,337
3018,Hadera,337
3017,Dhalapara,336
3016,Rasulpur,336
3015,Sandhanpur,336
3014,Deopara,336
3013,Digar,336
3012,Dighalkandia,336
3011,Anehola,336
3010,Lokerpara,336
3009,Jamuria,336
3008,Ghatail,336
3007,Deulabari,336
3006,Dubail,335
3005,Atia,335
3004,Elasin,335
3003,Fazilhati,335
3002,Delduar,335
3001,Patharail,335
3000,Lauhati,335
2999,Deuli,335
2998,Nikrail,334
2997,Aloa,334
2996,Gobindashi,334
2995,Falda,334
2994,Gabshara,334
2993,Arjuna,334
2992,Kauljani,333
2991,Fulki,333
2990,Kashil,333
2989,Habla,333
2988,Kanchanpur,333
2987,Basail,333
2986,Kanchpur,332
2985,Sonmandi,332
2984,Sadipur,332
2983,Jampur,332
2982,Noagaon,332
2981,Baradi,332
2980,Baidyerbazar,332
2979,Mograpara,332
2978,Shambhupura,332
2977,Pirojpur,332
2976,Bholobo,331
2975,Kayetpara,331
2974,Rupganj,331
2973,Daudpur,331
2972,Golakandail,331
2971,Bhulta,331
2970,Murapara,331
2969,Enayetnagor,330
2968,Baktaboli,330
2967,Gognagar,330
2966,Kutubpur,330
2965,Kashipur,330
2964,Alirtek,330
2963,Kolagathia,329
2962,Dhamgar,329
2961,Bandar,329
2960,Modonpur,329
2959,Musapur,329
2958,Kagkanda,328
2957,Kalapaharia,328
2956,Uchitpura,328
2955,Highjadi,328
2954,Mahmudpur,328
2953,Bishnandi,328
2952,Fatepur,328
2951,Brahammandi,328
2950,Duptara,328
2949,Satgram,328
2948,Darulaman,327
2947,Sidya,327
2946,Dankati,327
2945,Islampur,327
2944,Purba Damudya,327
2943,Kaneshar,327
2942,Shidulkura,327
2941,Charsensas,326
2940,South Tarabunia,326
2939,Arsinagar,326
2938,Charvaga,326
2937,North Tarabunia,326
2936,Kachikata,326
2935,Sakhipur,326
2934,Charkumaria,326
2933,D.M Khali,326
2932,Narayanpur,326
2931,Saygaon,326
2930,Mahisar,326
2929,Ramvadrapur,326
2928,Kuchipatti,325
2927,Samontasar,325
2926,Nalmuri,325
2925,Edilpur,325
2924,Goshairhat,325
2923,Kodalpur,325
2922,Alaolpur,325
2921,Nager Para,325
2920,Jaynagor,324
2919,Barogopalpur,324
2918,Bknagar,324
2917,Shenerchar,324
2916,Nawdoba,324
2915,Purba Nawdoba,324
2914,Palerchar,324
2913,Kundarchar,324
2912,Bilaspur,324
2911,Barokandi,324
2910,Mulna,324
2909,Zajira Sadar,324
2908,Nashason,323
2907,Vumkhara,323
2906,Bijari,323
2905,Fategongpur,323
2904,Vojeshwar,323
2903,Japsa,323
2902,Rajnagar,323
2901,Charatra,323
2900,Moktererchar,323
2899,Nowpara,323
2898,Garishar,323
2897,Dingamanik,323
2896,Kedarpur,323
2895,Shulpara,322
2894,Chandrapur,322
2893,Chikondi,322
2892,Mahmudpur,322
2891,Chitolia,322
2890,Angaria,322
2889,Rudrakar,322
2888,Domshar,322
2887,Palong,322
2886,Tulasar,322
2885,Binodpur,322
2884,Telihati,321
2883,Rajabari,321
2882,Prahladpur,321
2881,Kaoraid,321
2880,Maona,321
2879,Gosinga,321
2878,Gazipur,321
2877,Barmi,321
2876,Pubail,320
2875,Mirzapur,320
2874,Konabari,320
2873,Kayaltia,320
2872,Kashimpur,320
2871,Gachha,320
2870,Basan,320
2869,Baria,320
2868,Rayed,319
2867,Sonmania,319
2866,Durgapur,319
2865,Sinhasree,319
2864,Tokh,319
2863,Karihata,319
2862,Targoan,319
2861,Chandpur,319
2860,Kapasia,319
2859,Ghagotia,319
2858,Barishaba,319
2857,Srifaltali,318
2856,Sutrapur,318
2855,Mouchak,318
2854,Madhyapara,318
2853,Fulbaria,318
2852,Dhaliora,318
2851,Chapair,318
2850,Boali,318
2849,Atabaha,318
2848,Tumulia,317
2847,Nagari,317
2846,Moktarpur,317
2845,Jangalia,317
2844,Jamalpurnew,317
2843,Baktarpur,317
2842,Bahadursadi,317
2841,Putia,316
2840,Ayubpur,316
2839,Baghabo,316
2838,Joshar,316
2837,Chakradha,316
2836,Masimpur,316
2835,Sadharchar,316
2834,Joynagar,316
2833,Dulalpur,316
2832,Marjal,315
2831,Uttar Bakharnagar,315
2830,Musapur,315
2829,Roypura,315
2828,Sreenagar,315
2827,Paratali,315
2826,Palashtali,315
2825,Nilakhya,315
2824,Mirzarchar,315
2823,Mirzanagar,315
2822,Maheshpur,315
2821,Hairmara,315
2820,Daukarchar,315
2819,Charsubuddi,315
2818,Charmadhua,315
2817,Chararalia,315
2816,Chanderkandi,315
2815,Banshgari,315
2814,Adiabad,315
2813,Amirganj,315
2812,Alipura,315
2811,Chanpur,315
2810,Gazaria,314
2809,Jinardi,314
2808,Charsindur,314
2807,Danga,314
2806,Amdia,313
2805,Silmandi,313
2804,Panchdona,313
2803,Paikarchar,313
2802,Nazarpur,313
2801,Meherpara,313
2800,Mahishasura,313
2799,Nuralapur,313
2798,Khathalia,313
2797,Karimpur,313
2796,Hajipur,313
2795,Chinishpur,313
2794,Chardighaldi,313
2793,Alokbali,313
2792,Chandanbari,312
2791,Labutala,312
2790,Krisnopur,312
2789,Dawlatpur,312
2788,Shukundi,312
2787,Khidirpur,312
2786,Kanchikata,312
2785,Gotashia,312
2784,Ekduaria,312
2783,Charmandalia,312
2782,Chalakchar,312
2781,Barachapa,312
2780,Diara,311
2779,Patuli,311
2778,Sallabad,311
2777,Naraynpur,311
2776,Charuzilab,311
2775,Binnabayd,311
2774,Belabo,311
2773,Bajnaba,311
2772,Amlaba,311
2771,Kulanj,310
2770,Taral,310
2769,Jagddol,310
2768,Karimpur,310
2767,Derai Sarmangal,310
2766,Charnarchar,310
2765,Rajanagar,310
2764,Bhatipara,310
2763,Rafinagar,310
2762,Shalla Sadar,309
2761,Bahara,309
2760,Habibpur,309
2759,Atgaon,309
2758,Jamalganj Sadar,308
2757,Fenerbak,308
2756,Bhimkhali,308
2755,Sachnabazar,308
2754,Beheli,308
2753,Sukhair Rajapur South,307
2752,Sukhair Rajapur North,307
2751,Joyasree,307
2750,Dharmapasha Sadar,307
2749,Selbarash,307
2748,Paikurati,307
2747,Madhyanagar,307
2746,Chamordani,307
2745,Bongshikunda South,307
2744,Bongshikunda North,307
2743,Balijuri,306
2742,Tahirpur Sadar,306
2741,Badaghat,306
2740,Bordal North,306
2739,Bordal South,306
2738,Sreepur South,306
2737,Sreepur North,306
2736,Surma,305
2735,Boglabazar,305
2734,Laxmipur,305
2733,Dohalia,305
2732,Pandargaon,305
2731,Mannargaon,305
2730,Dowarabazar,305
2729,Norsingpur,305
2728,Banglabazar,305
2727,Pailgaon,304
2726,Asharkandi,304
2725,Syedpur Shaharpara,304
2724,Raniganj,304
2723,Chilaura Holdipur,304
2722,Mirpur,304
2721,Patli,304
2720,Kolkolia,304
2719,Bhatgaon,303
2718,Dolarbazar,303
2717,Singchapair,303
2716,Jauwabazar,303
2715,Chormohalla,303
2714,Khurma South,303
2713,Khurma North,303
2712,Chhaila Afjalabad,303
2711,Gobindganj-Syedergaon,303
2710,Kalaruka,303
2709,Chhatak Sadar,303
2708,Noarai,303
2707,Islampur,303
2706,Fatepur,302
2705,Badaghat South,302
2704,Dhanpur,302
2703,Solukabad,302
2702,Palash,302
2701,Paschim Birgaon,301
2700,Dargapasha,301
2699,Purba Birgaon,301
2698,Patharia,301
2697,Purba Pagla,301
2696,Joykalash,301
2695,Paschim Pagla,301
2694,Shimulbak,301
2693,Mohonpur,300
2692,Surma,300
2691,Kathair,300
2690,Laxmansree,300
2689,Mollapara,300
2688,Gourarang,300
2687,Aptabnagar,300
2686,Rangarchar,300
2685,Jahangirnagar,300
2684,Bagashura,299
2683,Chhatiain,299
2682,Noapara,299
2681,Bulla,299
2680,Jagadishpur,299
2679,Shahjahanpur,299
2678,Andiura,299
2677,Adaoir,299
2676,Bahara,299
2675,Choumohani,299
2674,Dharmaghar,299
2673,Laskerpur,298
2672,Nijampur,298
2671,Shayestaganj,298
2670,Nurpur,298
2669,Rajiura,298
2668,Gopaya,298
2667,Poil,298
2666,Teghoria,298
2665,Richi,298
2664,Lukra,298
2663,Mirashi,297
2662,Ranigaon,297
2661,Shatiajuri,297
2660,Ubahata,297
2659,Chunarughat,297
2658,Shankhala,297
2657,Paikpara,297
2656,Deorgach,297
2655,Ahammadabad,297
2654,Gazipur,297
2653,Bulla,296
2652,Karab,296
2651,Bamoi,296
2650,Muriauk,296
2649,Murakari,296
2648,Lakhai,296
2647,Pailarkandi,295
2646,Muradpur,295
2645,Mandari,295
2644,Sujatpur,295
2643,Makrampur,295
2642,Subidpur,295
2641,Pukra,295
2640,Kagapasha,295
2639,Baraiuri,295
2638,Khagaura,295
2637,Daulatpur,295
2636,Baniachong South West,295
2635,Baniachong South East,295
2634,Baniachong North West,295
2633,Baniachong North East,295
2632,Jolsuka,294
2631,Badolpur,294
2630,Ajmiriganj Sadar,294
2629,Kakailsao,294
2628,Shibpasha,294
2627,Bhadeshwar,293
2626,Mirpur,293
2625,Lamatashi,293
2624,Bahubal Sadar,293
2623,Satkapon,293
2622,Putijuri,293
2621,Snanghat,293
2620,Paniumda,292
2619,Kaliarbhanga,292
2618,Gaznaipur,292
2617,Debparra,292
2616,Bausha,292
2615,Nabiganj Sadar,292
2614,Kargoan,292
2613,Kurshi,292
2612,Aushkandi,292
2611,Digholbak,292
2610,Inatganj,292
2609,Barabhakoir Purba,292
2608,Barabhakoir Paschim,292
2607,Eastjuri,291
2606,Fultola,291
2605,Sagornal,291
2604,Gualbari,291
2603,West Juri,291
2602,Jafornagar,291
2601,Satgaon,290
2600,Kalighat,290
2599,Rajghat,290
2598,Ashidron,290
2597,Kalapur,290
2596,Sindurkhan,290
2595,Sreemangal,290
2594,Bhunabir,290
2593,Mirzapur,290
2592,Munsurnagar,289
2591,Kamarchak,289
2590,Tengra,289
2589,Rajnagar,289
2588,Panchgaon,289
2587,Munsibazar,289
2586,Uttorbhag,289
2585,Fotepur,289
2584,Giasnagar,288
2583,Mostafapur,288
2582,Nazirabad,288
2581,Konokpur,288
2580,Chadnighat,288
2579,Ekatuna,288
2578,Akhailkura,288
2577,Apar Kagabala,288
2576,Kamalpur,288
2575,Monumukh,288
2574,Khalilpur,288
2573,Amtail,288
2572,Hazipur,287
2571,Bhatera,287
2570,Kormodha,287
2569,Prithimpassa,287
2568,Sharifpur,287
2567,Tilagaon,287
2566,Rauthgaon,287
2565,Kulaura,287
2564,Kadipur,287
2563,Brammanbazar,287
2562,Joychandi,287
2561,Bhukshimail,287
2560,Baramchal,287
2559,Alinagar,286
2558,Munshibazar,286
2557,Islampur,286
2556,Kamalgonj,286
2555,Shamshernagar,286
2554,Rahimpur,286
2553,Madhabpur,286
2552,Patanushar,286
2551,Adampur,286
2550,Sujanagar,285
2549,Dakshinbhag Dakkhin,285
2548,Dakshinbhag Uttar,285
2547,Baralekha,285
2546,Talimpur,285
2545,Dakkhin Shahbajpur,285
2544,Uttar Shahbajpur,285
2543,Nizbahadurpur,285
2542,Dasherbazar,285
2541,Borni,285
2540,Talimpur,285
2539,Tetli,283
2538,Jalalpur,283
2537,Kamalbazar,283
2536,Kuchai,283
2535,Mollargaon,283
2534,Daudpur,283
2533,Silam,283
2532,Boroikandi,283
2531,Moglabazar,283
2530,Lalabazar,283
2529,Kaskanakpur,282
2528,Barothakuri,282
2527,Zakiganj,282
2526,Kolachora,282
2525,Kajalshah,282
2524,Birorsri,282
2523,Barohal,282
2522,Sultanpur,282
2521,Manikpur,282
2520,Kandigaon,281
2519,Mugolgaon,281
2518,Tukerbazar,281
2517,Tultikor,281
2516,Khadimpara,281
2515,Khadimnagar,281
2514,Hatkhula,281
2513,Jalalabad,281
2512,Jinghabari,280
2511,Dakhin Banigram,280
2510,Kanaighat,280
2509,Barachotul,280
2508,Satbakh,280
2507,Digirpar Purbo,280
2506,Lakshiprashad Pashim,280
2505,Lakshiprashad Purbo,280
2504,Rajagonj,280
2503,Chiknagul,279
2502,Fatehpur,279
2501,Darbast,279
2500,Charikatha,279
2499,Jaintapur,279
2498,Nijpat,279
2497,Daubari,278
2496,Towakul,278
2495,Nandirgaon,278
2494,Alirgaon,278
2493,Lengura,278
2492,Purba Jaflong,278
2491,Paschim Jaflong,278
2490,Rustampur,278
2489,Fothepur,278
2488,West Amura,277
2487,Bhadeshwar,277
2486,Lakshanaband,277
2485,Uttar Badepasha,277
2484,Sharifganj,277
2483,Dhakadakshin,277
2482,Budhbaribazar,277
2481,Lakshmipasha,277
2480,Fulbari,277
2479,Golapganj,277
2478,Maijgaon,276
2477,Uttar Fenchuganj,276
2476,Uttar Kushiara,276
2475,Fenchuganj,276
2474,Ghilachora,276
2473,Dakkin Ronikhai,275
2472,Uttor Ronikhai,275
2471,Isakalas,275
2470,Islampur Purba,275
2469,Islampur Paschim,275
2468,Telikhal,275
2467,Daulatpur,274
2466,Doshghar,274
2465,Bishwanath,274
2464,Dewkalash,274
2463,Alankari,274
2462,Khajanchi,274
2461,Lamakazi,274
2460,Rampasha,274
2459,Lauta,273
2458,Muria,273
2457,Mullapur,273
2456,Mathiura,273
2455,Kurarbazar,273
2454,Sheola,273
2453,Dubag,273
2452,Charkhai,273
2451,Alinagar,273
2450,Tilpara,273
2449,Sadipur,284
2448,Balaganj,272
2447,East Gouripur,272
2446,West Gouripur,272
2445,Dewanbazar,272
2444,Usmanpur,284
2443,Doyamir,284
2442,Goalabazar,284
2441,Burungabazar,284
2440,Boaljur,272
2439,East Poilanpur,272
2438,West Poilanpur,284
2437,Umorpur,284
2436,Tazpur,284
2435,Sonakata,271
2434,Sarikkhali,271
2433,Nishanbaria,271
2432,Chhotabagi,271
2431,Barabagi,271
2430,Panchakoralia,271
2429,Karibaria,271
2428,Kathaltali,270
2427,Kakchira,270
2426,Kalmegha,270
2425,Patharghata,270
2424,Charduany,270
2423,Nachnapara,270
2422,Raihanpur,270
2421,Doutola,269
2420,Ramna,269
2419,Bamna,269
2418,Bukabunia,269
2417,Sarisamuri,268
2416,Kazirabad,268
2415,Buramajumder,268
2414,Mokamia,268
2413,Hosnabad,268
2412,Betagi,268
2411,Bibichini,268
2410,Barguna,267
2409,Dhalua,267
2408,Burirchor,267
2407,Ayla Patakata,267
2406,Keorabunia,267
2405,Fuljhuri,267
2404,Gowrichanna,267
2403,Bodorkhali,267
2402,Noltona,267
2401,M. Baliatali,267
2400,Chowra,266
2399,Arpangasia,266
2398,Chotobogi,266
2397,Haldia,266
2396,Kukua,266
2395,Athrogasia,266
2394,Gulishakhali,266
2393,Amtali,266
2392,Farajgonj,265
2391,Paschim Char Umed,265
2390,Ramagonj,265
2389,Lord Hardinge,265
2388,Lalmohan,265
2387,Dholigour Nagar,265
2386,Kalma,265
2385,Charbhuta,265
2384,Badarpur,265
2383,Baro Molongchora,264
2382,Chadpur,264
2381,Sonapur,264
2380,Shambupur,264
2379,Chanchra,264
2378,South Sakuchia,263
2377,North Sakuchia,263
2376,Monpura,263
2375,Hazirhat,263
2374,Vhovanipur,262
2373,Hazipur,262
2372,Sayedpur,262
2371,Char Khalipa,262
2370,South Joy Nagar,262
2369,North Joy Nagar,262
2368,Charpata,262
2367,Madua,262
2366,Madanpur,262
2365,Dalchar,261
2364,Mujibnagar,261
2363,Nazrulnagar,261
2362,Abdullahpur,261
2361,Abubakarpur,261
2360,Kukrimukri,261
2359,Rasulpur,261
2358,Nurabad,261
2357,Jahanpur,261
2356,Hazarigonj,261
2355,Charmanika,261
2354,Charkolmi,261
2353,Awajpur,261
2352,Awajpur,261
2351,Charmadraj,261
2350,Nilkomol,261
2349,Aminabad,261
2348,Zinnagor,261
2347,Aslampur,261
2346,Osmangonj,261
2345,Kachia,260
2344,Pakshia,260
2343,Kutuba,260
2342,Deula,260
2341,Boromanika,260
2340,South Digholdi,259
2339,North Digholdi,259
2338,Vheduria,259
2337,Vhelumia,259
2336,Charshamya,259
2335,Alinagor,259
2334,Shibpur,259
2333,Dhania,259
2332,Bapta,259
2331,Kachia,259
2330,Westilisa,259
2329,Ilisha,259
2328,Razapur,259
2327,Dhulkhola,258
2326,Hizla Gourabdi,258
2325,Barjalia,258
2324,Guabaria,258
2323,Memania,258
2322,Harinathpur,258
2321,Kazirchar,257
2320,Muladi,257
2319,Charkalekha,257
2318,Gaschua,257
2317,Safipur,257
2316,Nazirpur,257
2315,Batamara,257
2314,Chargopalpur,256
2313,Gobindapur,256
2312,Darirchar Khajuria,256
2311,Chandpur,256
2310,Alimabad,256
2309,Jangalia,256
2308,Bhashanchar,256
2307,Biddanandapur,256
2306,Mehendigong,256
2305,Ulania,256
2304,Charakkorea,256
2303,Lata,256
2302,Andarmanik,256
2301,Ratnapur,255
2300,Goila,255
2299,Bagdha,255
2298,Bakal,255
2297,Rajihar,255
2296,Sarikal,254
2295,Batajore,254
2294,Nalchira,254
2293,Mahilara,254
2292,Chandshi,254
2291,Barthi,254
2290,Khanjapur,254
2289,Udykhati,253
2288,Banaripara,253
2287,Baishari,253
2286,Saliabakpur,253
2285,Chakhar,253
2284,Sayedkathi,253
2283,Illuhar,253
2282,Bisharkandi,253
2281,Gouthia,252
2280,Shikerpur Wazirpur,252
2279,Bamrail,252
2278,Barakhota,252
2277,Sholok,252
2276,Otra,252
2275,Jalla,252
2274,Harta,252
2273,Shatla,252
2272,Madhbpasha,251
2271,Rahamtpur,251
2270,Chandpasha,251
2269,Deherhoti,251
2268,Kaderpur,251
2267,Jahangir Nagar,251
2266,Niamoti,250
2265,Padreeshibpur,250
2264,Rangasree,250
2263,Bharpasha,250
2262,Garuria,250
2261,Kalashkathi,250
2260,Nalua,250
2259,Kabai,250
2258,Faridpur,250
2257,Durgapasha,250
2256,Dudhal,250
2255,Darial,250
2254,Charade,250
2253,Charamaddi,250
2252,Chandramohan,249
2251,Tungibaria,249
2250,Chandpura,249
2249,Charcowa,249
2248,Zagua,249
2247,Charmonai,249
2246,Shyastabad,249
2245,Charbaria,249
2244,Kashipur,249
2243,Raipasha Karapur,249
2242,Shorupkathi,248
2241,Sarengkathi,248
2240,Sutiakathi,248
2239,Somudoykathi,248
2238,Guarekha,248
2237,Doyhary,248
2236,Jolabari,248
2235,Atghorkuriana,248
2234,Sohagdal,248
2233,Boldia,248
2232,Haltagulishakhali,247
2231,Baramasua,247
2230,Mathbaria,247
2229,Daudkhali,247
2228,Shapleza,247
2227,Amragachia,247
2226,Betmor Rajpara,247
2225,Tikikata,247
2224,Mirukhali,247
2223,Dhanisafa,247
2222,Tuskhali,247
2221,Gouripur,246
2220,Vandaria Sadar,246
2219,Dhaoa,246
2218,Ekree,246
2217,Telikhali,246
2216,Nodmulla,246
2215,Vitabaria,246
2214,Parerhat,245
2213,Pattashi,245
2212,Balipara,245
2211,Shialkhathi,244
2210,Chirapara,244
2209,Kawkhali Sadar,244
2208,Amrazuri,244
2207,Sayna Rogunathpur,244
2206,Shakharikathi,243
2205,Nazirpur Sadar,243
2204,Shakhmatia,243
2203,Sriramkathi,243
2202,Kolardoania,243
2201,Dirgha,243
2200,Daulbari Dobra,243
2199,Malikhali,243
2198,Mativangga,243
2197,Shankorpasa,242
2196,Shariktola,242
2195,Tona,242
2194,Kolakhali,242
2193,Durgapur,242
2192,Kodomtala,242
2191,Shikder Mallik,242
2190,Chalitabunia,241
2189,Charmontaz,241
2188,Chattobaisdia,241
2187,Barobaisdia,241
2186,Rangabali,241
2185,Kalagachhia,240
2184,Bakulbaria,240
2183,Charbiswas,240
2182,Charkajol,240
2181,Gazalia,240
2180,Chiknikandi,240
2179,Dakua,240
2178,Ratandi Taltali,240
2177,Panpatty,240
2176,Galachipa,240
2175,Golkhali,240
2174,Amkhola,240
2173,Majidbaria,239
2172,Kakrabunia,239
2171,Deuli Subidkhali,239
2170,Amragachia,239
2169,Mirzaganj,239
2168,Madhabkhali,239
2167,Champapur,238
2166,Baliatali,238
2165,Dalbugonj,238
2164,Mahipur,238
2163,Latachapli,238
2162,Dulaser,238
2161,Nilgonj,238
2160,Mithagonj,238
2159,Dhankhali,238
2158,Lalua,238
2157,Tiakhali,238
2156,Chakamaia,238
2155,Baharampur,237
2154,Dashmina,237
2153,Betagi Shankipur,237
2152,Alipur,237
2151,Rangopaldi,237
2150,Bashbaria,237
2149,Sreerampur,236
2148,Angaria,236
2147,Labukhali,236
2146,Muradia,236
2145,Pangasia,236
2144,Madarbunia,235
2143,Borobighai,235
2142,Chotobighai,235
2141,Auliapur,235
2140,Marichbunia,235
2139,Itbaria,235
2138,Badarpur,235
2137,Kalikapur,235
2136,Jainkathi,235
2135,Kamalapur,235
2134,Lohalia,235
2133,Laukathi,235
2132,Kachipara,234
2131,Kalisuri,234
2130,Dhulia,234
2129,Keshabpur,234
2128,Shurjamoni,234
2127,Kanakdia,234
2126,Boga,234
2125,Madanpura,234
2124,Najirpur,234
2123,Nawmala,234
2122,Kalaiya,234
2121,Daspara,234
2120,Bauphal,234
2119,Adabaria,234
2118,Rajapur,233
2117,Baraia,233
2116,Galua,233
2115,Mathbari,233
2114,Saturia,233
2113,Suktagarh,233
2112,Bharabpasha,232
2111,Dapdapia,232
2110,Kulkathi,232
2109,Kusanghal,232
2108,Magar,232
2107,Mollahat,232
2106,Nachanmohal,232
2105,Ranapasha,232
2104,Siddhakati,232
2103,Subidpur,232
2102,Shaulajalia,231
2101,Patikhalghata,231
2100,Kanthalia,231
2099,Chenchrirampur,231
2098,Awrabunia,231
2097,Amua,231
2096,Gabkhandhansiri,230
2095,Sekherhat,230
2094,Ponabalia,230
2093,Nathullabad,230
2092,Nabagram,230
2091,Kirtipasha,230
2090,Keora,230
2089,Gabharamchandrapur,230
2088,Binoykati,230
2087,Basanda,230
2086,Azampur,229
2085,Manderbaria,229
2084,Natima,229
2083,Jadabpur,229
2082,Banshbaria,229
2081,Kazirber,229
2080,Nepa,229
2079,Shyamkur,229
2078,Swaruppur,229
2077,Panthapara,229
2076,Fatepur,229
2075,Sbk,229
2074,Elangi,228
2073,Baluhar,228
2072,Kushna,228
2071,Dora,228
2070,Sabdalpur,228
2069,Rakhalgachhi,227
2068,Kashtabhanga,227
2067,Barabazar,227
2066,Maliat,227
2065,Raygram,227
2064,Trilochanpur,227
2063,Simla-Rokonpur,227
2062,Niamatpur,227
2061,Kola,227
2060,Jamal,227
2059,Sundarpurdurgapur,227
2058,Chandpur,226
2057,Raghunathpur,226
2056,Falsi,226
2055,Kapashatia,226
2054,Daulatpur,226
2053,Taherhuda,226
2052,Joradah,226
2051,Bhayna,226
2050,Fulhari,225
2049,Dudshar,225
2048,Umedpur,225
2047,Nityanandapur,225
2046,Abaipur,225
2045,Bogura,225
2044,Manoharpur,225
2043,Dhaloharachandra,225
2042,Hakimpur,225
2041,Sarutia,225
2040,Kancherkol,225
2039,Dignagore,225
2038,Mirzapur,225
2037,Tribeni,225
2036,Naldanga,224
2035,Surat,224
2034,Kalicharanpur,224
2033,Ghorshal,224
2032,Furshondi,224
2031,Dogachhi,224
2030,Padmakar,224
2029,Harishongkorpur,224
2028,Porahati,224
2027,Paglakanai,224
2026,Maharazpur,224
2025,Ganna,224
2024,Kumrabaria,224
2023,Halidhani,224
2022,Saganna,224
2021,Modhuhati,224
2020,Sadhuhati,224
2019,Shantoshpur,223
2018,Charbaniri,223
2017,Chitalmari,223
2016,Shibpur,223
2015,Hizla,223
2014,Kalatala,223
2013,Barobaria,223
2012,Sundarban,222
2011,Chila,222
2010,Chadpai,222
2009,Sonailtala,222
2008,Mithakhali,222
2007,Burrirdangga,222
2006,Badhal,221
2005,Raripara,221
2004,Gopalpur,221
2003,Kachua,221
2002,Moghia,221
2001,Dhopakhali,221
2000,Gojalia,221
1999,Baraikhali,220
1998,Nishanbaria,220
1997,Khaulia,220
1996,Morrelganj,220
1995,Baharbunia,220
1994,Hoglabunia,220
1993,Balaibunia,220
1992,Banagram,220
1991,Hoglapasha,220
1990,Jiudhara,220
1989,Chingrakhali,220
1988,Ramchandrapur,220
1987,Daibagnyahati,220
1986,Putikhali,220
1985,Panchakaran,220
1984,Teligati,220
1983,Bastoli,219
1982,Mollikerbar,219
1981,Vospatia,219
1980,Perikhali,219
1979,Hurka,219
1978,Rajnagar,219
1977,Rampal,219
1976,Baintala,219
1975,Uzzalkur,219
1974,Gouramva,219
1973,Southkhali,218
1972,Rayenda,218
1971,Khontakata,218
1970,Dhanshagor,218
1969,Atjuri,217
1968,Kodalia,217
1967,Gaola,217
1966,Kulia,217
1965,Gangni,217
1964,Chunkhola,217
1963,Udoypur,217
1962,Dema,216
1961,Rakhalgachi,216
1960,Khanpur,216
1959,Shaitgomboj,216
1958,Jatharapur,216
1957,Baruipara,216
1956,Bishnapur,216
1955,Gotapara,216
1954,Bamorta,216
1953,Karapara,216
1952,Suvhadia,215
1951,Mulghar,215
1950,Naldha-Mouvhog,215
1949,Piljanga,215
1948,Bahirdia-Mansa,215
1947,Fakirhat,215
1946,Lakhpur,215
1945,Betaga,215
1944,Bagali,214
1943,Amadi,214
1942,South Bedkashi,214
1941,North Bedkashi,214
1940,Moheswaripur,214
1939,Moharajpur,214
1938,Koyra,214
1937,Koilashgonj,213
1936,Banishanta,213
1935,Pankhali,213
1934,Laudoba,213
1933,Sutarkhali,213
1932,Tildanga,213
1931,Kamarkhola,213
1930,Bajua,213
1929,Dakop,213
1928,Jolma,212
1927,Baliadanga,212
1926,Vandarkot,212
1925,Surkhali,212
1924,Gongarampur,212
1923,Amirpur,212
1922,Botiaghata,212
1921,Magurkhali,211
1920,Shorafpur,211
1919,Rongpur,211
1918,Raghunathpur,211
1917,Dhamalia,211
1916,Atlia,211
1915,Khornia,211
1914,Shovna,211
1913,Ghutudia,211
1912,Rudaghora,211
1911,Sahos,211
1910,Vandarpara,211
1909,Magurghona,211
1908,Dumuria,211
1907,Ajgora,210
1906,Modhupur,210
1905,Sochiadaho,210
1904,Barasat,210
1903,Chagladoho,210
1902,Terokhada,210
1901,Ghatvog,209
1900,Tsb,209
1899,Noihati,209
1898,Srifoltola,209
1897,Aichgati,209
1896,Digholia,208
1895,Jogipol,208
1894,Aronghata,208
1893,Barakpur,208
1892,Gajirhat,208
1891,Senhati,208
1890,Jamira,207
1889,Atra Gilatola,207
1888,Damodar,207
1887,Fultola,207
1886,Soladana,206
1885,Chandkhali,206
1884,Raruli,206
1883,Godaipur,206
1882,Loskor,206
1881,Deluti,206
1880,Lota,206
1879,Kopilmuni,206
1878,Goroikhali,206
1877,Horidhali,206
1876,Rajapur,205
1875,Mohammadpur,205
1874,Binodpur,205
1873,Balidia,205
1872,Babukhali,205
1871,Palashbaria,205
1870,Nohata,205
1869,Digha,205
1868,Moghi,204
1867,Gopalgram,204
1866,Kuchiamora,204
1865,Baroilpolita,204
1864,Satrijitpur,204
1863,Chawlia,204
1862,Jagdal,204
1861,Raghobdair,204
1860,Hazrapur,204
1859,Bogia,204
1858,Kosundi,204
1857,Atharokhada,204
1856,Hazipur,204
1855,Amalshar,203
1854,Nakol,203
1853,Sreepur,203
1852,Shobdalpur,203
1851,Kadirpara,203
1850,Dariapur,203
1849,Sreekol,203
1848,Goyespur,203
1847,Gongarampur,202
1846,Bunagati,202
1845,Shalikha,202
1844,Shatakhali,202
1843,Arpara,202
1842,Talkhari,202
1841,Dhaneshwargati,202
1840,Bahadurpur,201
1839,Chandgram,201
1838,Juniadah,201
1837,Mukarimpur,201
1836,Bahirchar,201
1835,Dharampur,201
1834,Ramkrishnopur,200
1833,Refaitpur,200
1832,Moricha,200
1831,Piarpur,200
1830,Pragpur,200
1829,Mothurapur,200
1828,Chilmary,200
1827,Khalishakundi,200
1826,Aria,200
1825,Philipnagor,200
1824,Boalia,200
1823,Hogolbaria,200
1822,Adabaria,200
1821,Daulatpur,200
1820,Malihad,199
1819,Dhubail,199
1818,Ambaria,199
1817,Kursha,199
1816,Poradaha,199
1815,Chhatian,199
1814,Sadarpur,199
1813,Amla,199
1812,Fulbaria,199
1811,Baruipara,199
1810,Talbaria,199
1809,Bahalbaria,199
1808,Chithalia,199
1807,Gopgram,198
1806,Shomospur,198
1805,Bethbaria,198
1804,Ambaria,198
1803,Joyntihazra,198
1802,Shimulia,198
1801,Janipur,198
1800,Osmanpur,198
1799,Khoksa,198
1798,Charsadipur,197
1797,Panti,197
1796,Chadpur,197
1795,Jaduboyra,197
1794,Bagulat,197
1793,Chapra,197
1792,Nandolalpur,197
1791,Shelaidah,197
1790,Sadki,197
1789,Jagonnathpur,197
1788,Kaya,197
1787,Goswami Durgapur,196
1786,Monohardia,196
1785,Harinarayanpur,196
1784,Abdulpur,196
1783,Ujangram,196
1782,Jhaudia,196
1781,Patikabari,196
1780,Ailchara,196
1779,Ziaraakhi,196
1778,Alampur,196
1777,Bottail,196
1776,Mazampur,196
1775,Barkhada,196
1774,Hatash Haripur,196
1773,Hasadah,195
1772,Raypur,195
1771,Shimanto,195
1770,Banka,195
1769,Andulbaria,195
1768,Uthali,195
1767,Juranpur,194
1766,Perkrishnopur Madna,194
1765,Kurulgachhi,194
1764,Hawli,194
1763,Natipota,194
1762,Karpashdanga,194
1761,Damurhuda,194
1760,Ailhash,193
1759,Hardi,193
1758,Kumari,193
1757,Kalidashpur,193
1756,Chitla,193
1755,Kashkorara,193
1754,Nagdah,193
1753,Jamjami,193
1752,Dauki,193
1751,Belgachi,193
1750,Jehala,193
1749,Khadimpur,193
1748,Gangni,193
1747,Baradi,193
1746,Bhangbaria,193
1745,Padmabila,192
1744,Kutubpur,192
1743,Begumpur,192
1742,Shankarchandra,192
1741,Titudah,192
1740,Mominpur,192
1739,Alukdia,192
1738,Panchgram,191
1737,Boronaleliasabad,191
1736,Mauli,191
1735,Kalabaria,191
1734,Purulia,191
1733,Khashial,191
1732,Peroli,191
1731,Hamidpur,191
1730,Chacuri,191
1729,Baioshona,191
1728,Salamabad,191
1727,Babrahasla,191
1726,Pahordanga,191
1725,Jaynagor,191
1724,Itna,190
1723,Digholia,190
1722,Kotakol,190
1721,Joypur,190
1720,Lakshmipasha,190
1719,Salnagar,190
1718,Mallikpur,190
1717,Lahuria,190
1716,Noagram,190
1715,Naldi,190
1714,Kashipur,190
1713,Lohagora,190
1712,Mulia,189
1711,Singasholpur,189
1710,Auria,189
1709,Bhadrabila,189
1708,Chandiborpur,189
1707,Bisali,189
1706,Maijpara,189
1705,Habokhali,189
1704,Bashgram,189
1703,Shahabad,189
1702,Kalora,189
1701,Tularampur,189
1700,Sheikhati,189
1699,Kathuli,188
1698,Raipur,188
1697,Dhankolla,188
1696,Shaharbati,188
1695,Sholotaka,188
1694,Motmura,188
1693,Bamondi,188
1692,Kazipur,188
1691,Tentulbaria,188
1690,Buripota,187
1689,Amdah,187
1688,Kutubpur,187
1687,Pirojpur,187
1686,Amjhupi,187
1685,Mohajanpur,186
1684,Bagowan,186
1683,Monakhali,186
1682,Dariapur,186
1681,Krishnanagar,185
1680,Mautala,185
1679,Ratanpur,185
1678,Mathureshpur,185
1677,Bharasimla,185
1676,Bishnupur,185
1675,Nalta,185
1674,Dhalbaria,185
1673,Dakshin Sreepur,185
1672,Tarali,185
1671,Champaphul,185
1670,Kushlia,185
1669,Islamkati,184
1668,Kumira,184
1667,Khalilnagar,184
1666,Khalishkhali,184
1665,Khesra,184
1664,Jalalpur,184
1663,Tala,184
1662,Tentulia,184
1661,Dhandia,184
1660,Nagarghata,184
1659,Magura,184
1658,Sarulia,184
1657,Gabura,183
1656,Shyamnagar,183
1655,Ramjannagar,183
1654,Munshiganj,183
1653,Bhurulia,183
1652,Burigoalini,183
1651,Padmapukur,183
1650,Nurnagar,183
1649,Kashimari,183
1648,Kaikhali,183
1647,Ishwaripur,183
1646,Atulia,183
1645,Agardari,182
1644,Alipur,182
1643,Kuskhali,182
1642,Ghona,182
1641,Jhaudanga,182
1640,Dhulihar,182
1639,Fingri,182
1638,Baikari,182
1637,Banshdaha,182
1636,Balli,182
1635,Brahmarajpur,182
1634,Bhomra,182
1633,Labsa,182
1632,Shibpur,182
1631,Joynagar,181
1630,Deara,181
1629,Chandanpur,181
1628,Helatala,181
1627,Sonabaria,181
1626,Langaljhara,181
1625,Jogikhali,181
1624,Jallabad,181
1623,Kaila,181
1622,Keragachhi,181
1621,Keralkata,181
1620,Kushadanga,181
1619,Sakhipur,180
1618,Parulia,180
1617,Noapara,180
1616,Debhata,180
1615,Kulia,180
1614,Sobhnali,179
1613,Sreeula,179
1612,Baradal,179
1611,Budhhata,179
1610,Pratapnagar,179
1609,Durgapur,179
1608,Khajra,179
1607,Kulla,179
1606,Kadakati,179
1605,Assasuni,179
1604,Anulia,179
1603,Kayba,178
1602,Goga,178
1601,Dihi,178
1600,Nizampur,178
1599,Putkhali,178
1598,Bagachra,178
1597,Bahadurpur,178
1596,Benapole,178
1595,Lakshmanpur,178
1594,Sharsha,178
1593,Ulshi,178
1592,Dearamodel,177
1591,Haibatpur,177
1590,Ramnagar,177
1589,Basundia,177
1588,Fathehpur,177
1587,Noapara,177
1586,Narendrapur,177
1585,Churamankati,177
1584,Chanchra,177
1583,Kashimpur,177
1582,Kachua,177
1581,Upasahar,177
1580,Arabpur,177
1579,Ichhali,177
1578,Lebutala,177
1577,Keshabpur,176
1576,Gaurighona,176
1575,Trimohini,176
1574,Panjia,176
1573,Bidyanandakati,176
1572,Mongolkot,176
1571,Majidpur,176
1570,Sagardari,176
1569,Sufalakati,176
1568,Magura,175
1567,Hajirbagh,175
1566,Shimulia,175
1565,Shankarpur,175
1564,Bankra,175
1563,Panisara,175
1562,Nibaskhola,175
1561,Nabharan,175
1560,Jhikargachha,175
1559,Gadkhali,175
1558,Gangananda,175
1557,Hakimpur,174
1556,Swarupdaha,174
1555,Sukpukhuria,174
1554,Singhajhuli,174
1553,Fulsara,174
1552,Pashapole,174
1551,Patibila,174
1550,Narayanpur,174
1549,Dhuliani,174
1548,Jagadishpur,174
1547,Chougachha,174
1546,Dohakula,173
1545,Roypur,173
1544,Basuari,173
1543,Bandabilla,173
1542,Narikelbaria,173
1541,Dhalgram,173
1540,Darajhat,173
1539,Jamdia,173
1538,Jaharpur,173
1537,Payra,172
1536,Prambag,172
1535,Subharara,172
1534,Sreedharpur,172
1533,Siddhipasha,172
1532,Sundoli,172
1531,Chalishia,172
1530,Baghutia,172
1529,Kashimnagar,171
1528,Kultia,171
1527,Khanpur,171
1526,Khedapara,171
1525,Chaluahati,171
1524,Jhanpa,171
1523,Dhakuria,171
1522,Durbadanga,171
1521,Bhojgati,171
1520,Manirampur,171
1519,Manoharpur,171
1518,Maswimnagar,171
1517,Rohita,171
1516,Shyamkur,171
1515,Haridaskati,171
1514,Hariharnagar,171
1513,Nehalpur,171
1512,Patari,170
1511,Goala,170
1510,Shironti,170
1509,Aihai,170
1508,Tilna,170
1507,Sapahar,170
1506,Moshidpur,169
1505,Ghatnagar,169
1504,Ganguria,169
1503,Chhaor,169
1502,Tetulia,169
1501,Nitpur,169
1500,Shailgachhi,168
1499,Shekerpur,168
1498,Bolihar,168
1497,Chandipur,168
1496,Hashaigari,168
1495,Boalia,168
1494,Dubalhati,168
1493,Hapaniya,168
1492,Tilakpur,168
1491,Baktiarpur,168
1490,Kritipur,168
1489,Barshail,168
1488,Mirat,167
1487,Ekdala,167
1486,Kaligram,167
1485,Borgoca,167
1484,Paroil,167
1483,Gona,167
1482,Kashimpur,167
1481,Khatteshawr,167
1480,Hatkalupara,166
1479,Kalikapur,166
1478,Maniary,166
1477,Bisha,166
1476,Panchupur,166
1475,Ahsanganj,166
1474,Bhonpara,166
1473,Shahagola,166
1472,Bisnopur,165
1471,Koshob,165
1470,Kashopara,165
1469,Kalikapur,165
1468,Nurullabad,165
1467,Tetulia,165
1466,Kosomba,165
1465,Proshadpur,165
1464,Moinom,165
1463,Goneshpur,165
1462,Manda,165
1461,Paranpur,165
1460,Valain,165
1459,Varsho,165
1458,Bahadurpur,164
1457,Sremantapur,164
1456,Paroil,164
1455,Rasulpur,164
1454,Niamatpur,164
1453,Bhabicha,164
1452,Chandannagar,164
1451,Hajinagar,164
1450,Agradigun,163
1449,Khelna,163
1448,Isabpur,163
1447,Jahanpur,163
1446,Aranagar,163
1445,Umar,163
1444,Alampur,163
1443,Dhamoirhat,163
1442,Shihara,162
1441,Amair,162
1440,Ghasnagar,162
1439,Nazipur,162
1438,Patichrara,162
1437,Krishnapur,162
1436,Matindar,162
1435,Akbarpur,162
1434,Dibar,162
1433,Nirmail,162
1432,Patnitala,162
1431,Balubhara,161
1430,Adhaipur,161
1429,Bilashbari,161
1428,Kola,161
1427,Mithapur,161
1426,Paharpur,161
1425,Mothurapur,161
1424,Badalgachi,161
1423,Roygon,160
1422,Vimpur,160
1421,Cheragpur,160
1420,Uttargram,160
1419,Sofapur,160
1418,Enayetpur,160
1417,Chandas,160
1416,Khajur,160
1415,Hatur,160
1414,1nomohadevpur,160
1413,Ujirpur,159
1412,Kansat,159
1411,Shyampur,159
1410,Shahabajpur,159
1409,Chatrajitpur,159
1408,Panka,159
1407,Noyalavanga,159
1406,Monakasha,159
1405,Mobarakpur,159
1404,Ghorapakhia,159
1403,Durlovpur,159
1402,Dhainagar,159
1401,Daipukuria,159
1400,Chakkirti,159
1399,Binodpur,159
1398,Daldoli,158
1397,Gohalbari,158
1396,Jambaria,158
1395,Bholahat,158
1394,Nachol,157
1393,Nezampur,157
1392,Kosba,157
1391,Fhotepur,157
1390,Alinagar,156
1389,Gomostapur,156
1388,Chowdala,156
1387,Parbotipur,156
1386,Bangabari,156
1385,Boalia,156
1384,Rahanpur,156
1383,Radhanagar,156
1382,Sundarpur,155
1381,Narayanpur,155
1380,Charbagdanga,155
1379,Islampur,155
1378,Shahjahanpur,155
1377,Debinagar,155
1376,Char Anupnagar,155
1375,Jhilim,155
1374,Gobratola,155
1373,Baliadanga,155
1372,Ranihati,155
1371,Moharajpur,155
1370,Baroghoria,155
1369,Alatuli,155
1368,Bhadsha,154
1367,Dhalahar,154
1366,Mohammadabad,154
1365,Chakborkat,154
1364,Jamalpur,154
1363,Puranapail,154
1362,Dogachi,154
1361,Bamb,154
1360,Amdai,154
1359,Kusumba,153
1358,Aolai,153
1357,Mohammadpur,153
1356,Atapur,153
1355,Balighata,153
1354,Aymarasulpur,153
1353,Dharanji,153
1352,Bagjana,153
1351,Boratara,152
1350,Mamudpur,152
1349,Tulshiganga,152
1348,Borail,152
1347,Alampur,152
1346,Udaipur,151
1345,Zindarpur,151
1344,Punot,151
1343,Ahammedabad,151
1342,Matrai,151
1341,Gopinathpur,150
1340,Raikali,150
1339,Tilakpur,150
1338,Sonamukhi,150
1337,Rukindipur,150
1336,Chapila,148
1335,Moshindha,148
1334,Dharabarisha,148
1333,Khubjipur,148
1332,Biaghat,148
1331,Nazirpur,148
1330,Kadimchilan,147
1329,Arjunpur,147
1328,Durduria,147
1327,Oalia,147
1326,Duaria,147
1325,Bilmaria,147
1324,Arbab,147
1323,Chongdhupoil,147
1322,Iswardi,147
1321,Lalpur,147
1320,Faguardiar,146
1319,Dayarampur,146
1318,Bagatipara,146
1317,Jamnagor,146
1316,Panka,146
1315,Chandai,145
1314,Gopalpur,145
1313,Majgoan,145
1312,Nagor,145
1311,Zonail,145
1310,Baraigram,145
1309,Joari,145
1308,Ramanandakhajura,144
1307,Chhatardighi,144
1306,Chaugram,144
1305,Tajpur,144
1304,Sherkole,144
1303,Lalore,144
1302,Hatiandaha,144
1301,Chamari,144
1300,Kalam,144
1299,Italy,144
1298,Dahia,144
1297,Sukash,144
1296,Halsa,143
1295,Kaphuria,143
1294,Barahorispur,143
1293,Luxmipurkholabaria,143
1292,Dighapatia,143
1291,Tebaria,143
1290,Chhatni,143
1289,Biprobelghoria,143
1288,Piprul,143
1287,Khajura,143
1286,Madhnagar,143
1285,Brahmapur,143
1284,Sonadanga,142
1283,Jogipara,142
1282,Hamirkutsa,142
1281,Gualkandi,142
1280,Zhikara,142
1279,Ganipur,142
1278,Mariaup,142
1277,Suvodanga,142
1276,Kacharikoalipara,142
1275,Basupara,142
1274,Sreepur,142
1273,Auchpara,142
1272,Borobihanoli,142
1271,Dippur,142
1270,Nordas,142
1269,Gobindopara,142
1268,Chanduria,141
1267,Kamargaon,141
1266,Talondo,141
1265,Saranjai,141
1264,Panchandar,141
1263,Badhair,141
1262,Kalma,141
1261,Asariadaha,140
1260,Basudebpur,140
1259,Dewpara,140
1258,Matikata,140
1257,Gogram,140
1256,Risikul,140
1255,Pakri,140
1254,Mohonpur,140
1253,Godagari,140
1252,Arani,139
1251,Bausa,139
1250,Monigram,139
1249,Pakuria,139
1248,Gorgori,139
1247,Bajubagha,139
1246,Jewpara,138
1245,Shilmaria,138
1244,Valukgachi,138
1243,Baneswar,138
1242,Belpukuria,138
1241,Puthia,138
1240,Vialuxmipur,137
1239,Charghat,137
1238,Nimpara,137
1237,Sardah,137
1236,Solua,137
1235,Yousufpur,137
1234,Jahanabad,136
1233,Baksimoil,136
1232,Mougachi,136
1231,Raighati,136
1230,Ghasigram,136
1229,Dhuroil,136
1228,Joynogor,135
1227,Maria,135
1226,Jhaluka,135
1225,Deluabari,135
1224,Pananagar,135
1223,Kismatgankoir,135
1222,Naopara,135
1221,Parila,134
1220,Borgachi,134
1219,Harian,134
1218,Horogram,134
1217,Horipur,134
1216,Damkura,134
1215,Hujuripara,134
1214,Darsanpara,134
1213,Raynagar,133
1212,Mokamtala,133
1211,Sayedpur,133
1210,Deuly,133
1209,Shibganj,133
1208,Bihar,133
1207,Buriganj,133
1206,Majhihatta,133
1205,Pirob,133
1204,Atmul,133
1203,Kichok,133
1202,Moidanhatta,133
1201,Bhabanipur,132
1200,Khanpur,132
1199,Sughat,132
1198,Shahbondegi,132
1197,Shimabari,132
1196,Bishalpur,132
1195,Kusumbi,132
1194,Garidaha,132
1193,Khamarkandi,132
1192,Mirzapur,132
1191,Nasipur,131
1190,Mahishaban,131
1189,Gabtali,131
1188,Nepaltali,131
1187,Naruamala,131
1186,Rameshwarpur,131
1185,Sonarai,131
1184,Kagail,131
1183,Durgahata,131
1182,Dakshinpara,131
1181,Baliadighi,131
1180,Dhunat Sadar,130
1179,Elangi,130
1178,Chowkibari,130
1177,Mothurapur,130
1176,Gopalnagar,130
1175,Bhandarbari,130
1174,Gossainbari,130
1173,Chikashi,130
1172,Kalerpara,130
1171,Nimgachi,130
1170,Tekani Chukinagar,129
1169,Pakulla,129
1168,Madhupur,129
1167,Digdair,129
1166,Zorgacha,129
1165,Balua,129
1164,Sonatala,129
1163,Bhatgram,128
1162,Thalta Majhgram,128
1161,Bhatra,128
1160,Nandigram,128
1159,Burail,128
1158,Shantahar,127
1157,Chapapur,127
1156,Kundagram,127
1155,Adamdighi,127
1154,Nasaratpur,127
1153,Chhatiangram,127
1152,Talora,126
1151,Gobindapur,126
1150,Gunahar,126
1149,Dupchanchia,126
1148,Chamrul,126
1147,Zianagar,126
1146,Gohail,125
1145,Amrul,125
1144,Chopinagar,125
1143,Khottapara,125
1142,Kharna,125
1141,Aria,125
1140,Majhira,125
1139,Madla,125
1138,Asekpur,125
1137,Bhelabari,124
1136,Kamalpur,124
1135,Kutubpur,124
1134,Kazla,124
1133,Karnibari,124
1132,Hatsherpur,124
1131,Hatfulbari,124
1130,Chandanbaisha,124
1129,Chaluabari,124
1128,Bohail,124
1127,Narchi,124
1126,Sariakandi Sadar,124
1125,Namuja,123
1124,Lahiripara,123
1123,Noongola,123
1122,Gokul,123
1121,Sekherkola,123
1120,Shakharia,123
1119,Rajapur,123
1118,Erulia,123
1117,Nishindara,123
1116,Shabgram,123
1115,Fapore,123
1114,Malancha,122
1113,Jamgaon,122
1112,Durgapur,122
1111,Kahaloo,122
1110,Murail,122
1109,Narhatta,122
1108,Paikar,122
1107,Kalai,122
1106,Birkedar,122
1105,Demra,121
1104,Banwarinagar,121
1103,Hadal,121
1102,Faridpur,121
1101,Pungali,121
1100,Brilahiribari,121
1099,Ar-Ataikula,120
1098,Khetupara,120
1097,Nandanpur,120
1096,Gaurigram,120
1095,Kashinathpur,120
1094,Karamja,120
1093,Dhopadaha,120
1092,Bhulbaria,120
1091,Dhulauri,120
1090,Nagdemra,120
1089,Danthia Bamangram,119
1088,Bilchalan,119
1087,Mothurapur,119
1086,Haripur,119
1085,Mulgram,119
1084,Failjana,119
1083,Parshadanga,119
1082,Gunaigachha,119
1081,Nimaichara,119
1080,Chhaikola,119
1079,Handial,119
1078,Laxshmipur,118
1077,Ekdanta,118
1076,Debottar,118
1075,Chandba,118
1074,Majhpara,118
1073,Dhalar Char,117
1072,Masumdia,117
1071,Ruppur,117
1070,Puran Varenga,117
1069,Jatsakhini,117
1068,Chakla,117
1067,Koitola,117
1066,Notun Varenga,117
1065,Haturia Nakalia,117
1064,Dapunia,116
1063,Hemayetpur,116
1062,Dogachi,116
1061,Bharara,116
1060,Sadullahpur,116
1059,Chartarapur,116
1058,Ataikula,116
1057,Gayeshpur,116
1056,Malanchi,116
1055,Maligachha,116
1054,Parbhangura,115
1053,Dilpasar,115
1052,Ashtamanisha,115
1051,Khanmarich,115
1050,Bhangura,115
1049,Luxmikunda,114
1048,Sahapur,114
1047,Silimpur,114
1046,Dashuria,114
1045,Muladuli,114
1044,Pakshi,114
1043,Sara,114
1042,Sagorkandi,113
1041,Nazirganj,113
1040,Hatkhali,113
1039,Satbaria,113
1038,Raninagar,113
1037,Ahammadpur,113
1036,Dulai,113
1035,Manikhat,113
1034,Tantibonda,113
1033,Vaina,113
1032,Mohonpur,112
1031,Salo,112
1030,Ponchocroshi,112
1029,Borohor,112
1028,Hatikumrul,112
1027,Salanga,112
1026,Purnimagati,112
1025,Durga Nagar,112
1024,Boropangashi,112
1023,Udhunia,112
1022,Bangala,112
1021,Ramkrisnopur,112
1020,Ullapara Sadar,112
1019,Deshigram,111
1018,Madhainagar,111
1017,Tarash Sadar,111
1016,Naogaon,111
1015,Magura Binod,111
1014,Soguna,111
1013,Talam,111
1012,Baruhas,111
1011,Soydabad,110
1010,Kaliahoripur,110
1009,Kowakhola,110
1008,Mesra,110
1007,Songacha,110
1006,Khokshabari,110
1005,Sheyalkol,110
1004,Bohuli,110
1003,Ratankandi,110
1002,Bagbati,110
1001,Narina,109
1000,Sonatoni,109
999,Koizuri,109
998,Khukni,109
997,Habibullah Nagar,109
996,Porzona,109
995,Gala,109
994,Rupbati,109
993,Potazia,109
992,Garadah,109
991,Kayempure,109
990,Jalalpur,109
989,Beltail,109
988,Sonakhara,108
987,Pangashi,108
986,Nalka,108
985,Ghurka,108
984,Dhubil,108
983,Dhangora,108
982,Dhamainagar,108
981,Chandaikona,108
980,Brommogacha,108
979,Tekani,107
978,Subhagacha,107
977,Sonamukhi,107
976,Nishchintapur,107
975,Natuarpara,107
974,Monsur Nagar,107
973,Maijbari,107
972,Khasrajbari,107
971,Kazipur Sadar,107
970,Gandail,107
969,Chargirish,107
968,Chalitadangha,107
967,Roydaulatpur,106
966,Jhawail,106
965,Jamtail,106
964,Bhadraghat,106
963,Sthal,105
962,Sadia Chandpur,105
961,Omarpur,105
960,Khaspukuria,105
959,Khaskaulia,105
958,Gharjan,105
957,Baghutia,105
956,Bhangabari,104
955,Doulatpur,104
954,Dhukuriabera,104
953,Belkuchi Sadar,104
952,Baradhul,104
951,Rajapur,104
950,Balipara,103
949,Thanchi Sadar,103
948,Tind,103
947,Remakre,103
946,Galanggya,102
945,Ramakreprangsa,102
944,Ruma Sadar,102
943,Paind,102
942,Aziznagar,101
941,Sarai,101
940,Rupushipara,101
939,Fythong,101
938,Fasiakhali,101
937,Lama Sadar,101
936,Gajalia,101
935,Nawapotong,100
934,Alekyong,100
933,Taracha,100
932,Rowangchari Sadar,100
931,Duwchari,99
930,Sonaychari,99
929,Baishari,99
928,Gumdhum,99
927,Naikhyongchari Sadar,99
926,Chwekhyong,98
925,Alikadam Sadar,98
924,Kuhalong,97
923,Bandarban Sadar,97
922,Suwalok,97
921,Tongkaboty,97
920,Rajbila,97
919,Amtali,95
918,Guimara,95
917,Matiranga,95
916,Balchari,95
915,Gomti,95
914,Barnal,95
913,Tabalchari,95
912,Taindong,95
911,Hafchari,94
910,Patachara,94
909,Ramgarh,94
908,Tintahari,93
907,Jogyachola,93
906,Batnatali,93
905,Manikchari,93
904,Maischari,92
903,Kayanghat,92
902,Mobachari,92
901,Mahalchari,92
900,Bhaibonchara,92
899,Laxmichhari,91
898,Barmachari,91
897,Dullyatali,91
896,Latiban,90
895,Panchari,90
894,Changi,90
893,Logang,90
892,Babuchara,89
891,Dighinala,89
890,Kabakhali,89
889,Boalkhali,89
888,Merung,89
887,Kamalchari,88
886,Parachara,88
885,Golabari,88
884,Khagrachhari Sadar,88
883,Teknaf Sadar,87
882,Saintmartin,87
881,Whykong,87
880,Hnila,87
879,Baharchara,87
878,Subrang,87
877,Garjoniya,86
876,Jouarianala,86
875,Dakkhin Mithachhari,86
874,Kauwarkho,86
873,Kacchapia,86
872,Chakmarkul,86
871,Eidghar,86
870,Khuniapalong,86
869,Rashidnagar,86
868,Rajarkul,86
867,Fotekharkul,86
866,Shilkhali,85
865,Rajakhali,85
864,Magnama,85
863,Barabakia,85
862,Pekua,85
861,Taitong,85
860,Ujantia,85
859,Dhalghata,84
858,Matarbari,84
857,Kalarmarchhara,84
856,Hoanak,84
855,Kutubjum,84
854,Shaplapur,84
853,Choto Moheshkhali,84
852,Boro Moheshkhali,84
851,Palongkhali,83
850,Ratnapalong,83
849,Holdiapalong,83
848,Jaliapalong,83
847,Rajapalong,83
846,Lemsikhali,82
845,Baragho,82
844,Dakshi Dhurung,82
843,Kaiyarbil,82
842,Uttar Dhurung,82
841,Ali Akbar Deil,82
840,Fashiakhali,81
839,Harbang,81
838,Surajpur Manikpur,81
837,Saharbil,81
836,Bheola Manik Char,81
835,Baraitali,81
834,Bamobil Chari,81
833,Badarkhali,81
832,Paschim Bara Bheola,81
831,Dulahazara,81
830,Demusia,81
829,Chiringa,81
828,Khuntakhali,81
827,Konakhali,81
826,Kaiar Bil,81
825,Kakhara,81
824,Jhilongjha,80
823,Khurushkhul,80
822,Pmkhali,80
821,Varuakhali,80
820,Chowfaldandi,80
819,Jalalabad,80
818,Eidgaon,80
817,Pokkhali,80
816,Islampur,80
815,Islamabad,80
814,Sikalbaha,79
813,Barauthan,79
812,Juldha,79
811,Char Lakshya,79
810,Char Patharghata,79
809,Nowajushpur,78
808,Urkirchar,78
807,Pahartali,78
806,Noapara,78
805,Kodolpur,78
804,Holdia,78
803,Gohira,78
802,Paschim Gujra,78
801,Purbagujra,78
800,Dabua,78
799,Chikdair,78
798,Binajuri,78
797,Bagoan,78
796,Raozan,78
795,Daulatpur,77
794,Lelang,77
793,Nanupur,77
792,Roshangiri,77
791,Bokhtapur,77
790,Jafathagar,77
789,Samitirhat,77
788,Abdullapur,77
787,Suabil,77
786,Sunderpur,77
785,Kanchannagor,77
784,Paindong,77
783,Harualchari,77
782,Bhujpur,77
781,Narayanhat,77
780,Dantmara,77
779,Baganbazar,77
778,Dharmapur,77
777,Hathazari,76
776,Budirchar,76
775,Sikarpur,76
774,Dakkin Madrasha,76
773,Uttar Madrasha,76
772,Chikondandi,76
771,Fathepur,76
770,Garduara,76
769,Mekhal,76
768,Chipatali,76
767,Gomanmordan,76
766,Nangolmora,76
765,Mirjapur,76
764,Dhalai,76
763,Farhadabad,76
762,Adhunagar,75
761,Chunati,75
760,Putibila,75
759,Lohagara,75
758,Kalauzan,75
757,Charamba,75
756,Amirabad,75
755,Barahatia,75
754,Padua,75
753,Sonakania,74
752,Satkania,74
751,Sadaha,74
750,Puranagar,74
749,Bazalia,74
748,Kaliais,74
747,Keochia,74
746,Paschim Dhemsa,74
745,Dhemsa,74
744,Madarsa,74
743,Eochiai,74
742,Amilaisi,74
741,Kanchana,74
740,Nalua,74
739,Khagaria,74
738,Charati,74
737,Dhopachhari,73
736,Dohazari,73
735,Hashimpur,73
734,Satbaria,73
733,Bailtali,73
732,Barama,73
731,Barkal,73
730,Joara,73
729,Kanchanabad,73
728,Juidandi,72
727,Haildhar,72
726,Paraikora,72
725,Chatari,72
724,Anwara,72
723,Baroakhan,72
722,Barumchara,72
721,Battali,72
720,Raipur,72
719,Barasat,72
718,Boirag,72
717,Ahla Karaldenga,71
716,Amuchia,71
715,Sreepur-Kharandwi,71
714,Charandwi,71
713,Popadia,71
712,Saroatali,71
711,Sakpura,71
710,Purba Gomdandi,71
709,Pashchim Gamdandi,71
708,Kandhurkhil,71
707,Chhanua,70
706,Puichhari,70
705,Sekherkhil,70
704,Gandamara,70
703,Chambal,70
702,Silk,70
701,Saral,70
700,Katharia,70
699,Bailchhari,70
698,Kalipur,70
697,Baharchhara,70
696,Khankhanabad,70
695,Sadhanpur,70
694,Pukuria,70
693,Urirchar,69
692,Azimpur,69
691,Musapur,69
690,Sarikait,69
689,Maitbhanga,69
688,Magdhara,69
687,Haramia,69
686,Bauria,69
685,Gachhua,69
684,Santoshpur,69
683,Amanullah,69
682,Kalapania,69
681,Harispur,69
680,Rahmatpur,69
679,Haidgaon,68
678,Habilasdwi,68
677,Sobhandandi,68
676,Sikalbaha,68
675,Bhatikhain,68
674,Baralia,68
673,Bara Uthan,68
672,Dhalghat,68
671,Dakkhin Bhurshi,68
670,Juldha,68
669,Jiri,68
668,Janglukhain,68
667,Chanhara,68
666,Char Lakshya,68
665,Char Patharghata,68
664,Kharana,68
663,Kolagaon,68
662,Kelishahar,68
661,Kusumpura,68
660,Kasiais,68
659,Kachuai,68
658,Asia,68
657,Saherkhali,67
656,Wahedpur,67
655,Haitkandi,67
654,Mayani,67
653,Khaiyachhara,67
652,Maghadia,67
651,Mithanala,67
650,Mirsharai,67
649,Durgapur,67
648,Katachhara,67
647,Ichakhali,67
646,Osmanpur,67
645,Dhoom,67
644,Jorarganj,67
643,Hinguli,67
642,Korerhat,67
641,Bhatiari,66
640,Sonaichhari,66
639,Salimpur,66
638,Saidpur,66
637,Muradpur,66
636,Bariadyala,66
635,Barabkunda,66
634,Banshbaria,66
633,Kumira,66
632,Lalanagar,65
631,South Rajanagar,65
630,Islampur,65
629,Kodala,65
628,Chandraghona,65
627,Shilok,65
626,Sharafbhata,65
625,Betagi,65
624,Pomra,65
623,Parua,65
622,Mariumnagar,65
621,Swanirbor Rangunia,65
620,Hosnabad,65
619,Rajanagar,65
618,Bhatra,64
617,Bholakot,64
616,Karpara,64
615,Darbeshpur,64
614,Lamchar,64
613,Chandipur,64
612,Ichhapur,64
611,Bhadur,64
610,Noagaon,64
609,Kanchanpur,64
608,Chargazi,63
607,Borokheri,63
606,Char Ramiz,63
605,Char Algi,63
604,Alxendar,63
603,Char Abdullah,63
602,Charbadam,63
601,Char Poragacha,63
600,Keora,62
599,Raipur,62
598,South Char Ababil,62
597,South Char Bangshi,62
596,Bamni,62
595,Charpata,62
594,Sonapur,62
593,Char Mohana,62
592,North Char Bangshi,62
591,North Char Ababil,62
590,Charlorench,61
589,Torabgonj,61
588,Char Kadira,61
587,Hajirhat,61
586,Patarirhat,61
585,Char Folcon,61
584,Char Martin,61
583,Shaheberhat,61
582,Charkalkini,61
581,Charramoni Mohon,60
580,Tumchor,60
579,Tearigonj,60
578,Sakchor,60
577,Kusakhali,60
576,Vobanigonj,60
575,Laharkandi,60
574,Digli,60
573,Charshahi,60
572,Hazirpara,60
571,Nourthjoypur,60
570,Chandrogonj,60
569,Basikpur,60
568,Dattapara,60
567,Bangakha,60
566,Parbotinagar,60
565,Charruhita,60
564,Dalalbazar,60
563,Hamsadi (South),60
562,Hamsadi (North),60
561,Rupsha (North),59
560,Rupsha (South),59
559,Faridgonj (South),59
558,Chardukhia (West),59
557,Chardukhia (East),59
556,Gobindapur (South),59
555,Gobindapur (North),59
554,Paikpara (South),59
553,Paikpara (North),59
552,Gupti (East),59
551,Gupti (West),59
550,Subidpur (West),59
549,Subidpur (East),59
548,Balithuba (East),59
547,Balithuba (West),59
546,Gazra,58
545,Sultanabad,58
544,Islamabad,58
543,Farajikandi,58
542,Fatehpur (West),58
541,Fatehpur (East),58
540,Jahirabad,58
539,Eklaspur,58
538,Mohanpur,58
537,Kalakanda,58
536,Durgapur,58
535,Sadullapur,58
534,Banganbari,58
533,Satnal,58
532,Gandharbapur (South),57
531,Gandharbapur (North),57
530,Hatila (West),57
529,Hatila (East),57
528,Barkul (West),57
527,Barkul (East),57
526,Kalocho (South),57
525,Hajiganj Sadar,57
524,Kalocho (North),57
523,Bakila,57
522,Rajargaon (North),57
521,Upadi (North),56
520,Upadi (South),56
519,Narayanpur,56
518,Khadergaon,56
517,Nayergaon (South),56
516,Nayergaon (North),56
515,Balia,55
514,Ibrahimpur,55
513,Rajrajeshwar,55
512,Chandra,55
511,Hanarchar,55
510,Laxmipur Model,55
509,Baghadi,55
508,Tarpurchandi,55
507,Maishadi,55
506,Rampur,55
505,Kalyanpur,55
504,Shahmahmudpur,55
503,Ashikati,55
502,Bishnapur,55
501,Chitoshiwest,54
500,Raysree (North),54
499,Raysree (South),54
498,Chitoshi (East),54
497,Suchipara (South),54
496,Suchipara (North),54
495,Meher (South),54
494,Meher (North),54
493,Tamta (North),54
492,Tamta (South),54
491,Koroia,53
490,Sachar,53
489,Gohat (South),53
488,Ashrafpur,53
487,Kadla,53
486,Gohat (North),53
485,Kachua (South),53
484,Kachua (North),53
483,Shohodebpur (West),53
482,Shohodebpur (East),53
481,Bitara,53
480,Pathair,53
479,Charbhairabi,52
478,Haimchar,52
477,Nilkamal,52
476,Algidurgapur (South),52
475,Algidurgapur (North),52
474,Gazipur,52
473,Amishapara,51
472,Deoti,51
471,Sonapur,51
470,Bajra,51
469,Nateshwar,51
468,Ambarnagor,51
467,Barogaon,51
466,Chashirhat,51
465,Nodona,51
464,Joyag,51
463,Mohammadpur,50
462,Khilpara,50
461,Noakhala,50
460,Hat-Pukuria Ghatlabag,50
459,Panchgaon,50
458,Badalkot,50
457,Porokote,50
456,Ramnarayanpur,50
455,Sahapur,50
454,Bejbagh,49
453,Nabipur,49
452,Mohammadpur,49
451,Kabilpur,49
450,Arjuntala,49
449,Kadra,49
448,Dumurua,49
447,Kesharpar,49
446,Chhatarpaia,49
445,Batoiya,48
444,Dhanshalik,48
443,Chaprashirhat,48
442,Ghoshbag,48
441,Sundalpur,48
440,Dhanshiri,48
439,Narottampur,48
438,Mohammadpur,47
437,East Charbata,47
436,Charaman Ullah,47
435,Charjubilee,47
434,Charwapda,47
433,Charclerk,47
432,Charbata,47
431,Charjabbar,47
430,Nijhumdwi,46
429,Jahajmara,46
428,Burirchar,46
427,Sonadiya,46
426,Tomoroddi,46
425,Charking,46
424,Charishwar,46
423,Nolchira,46
422,Sukhchar,46
421,Kadirpur,45
420,Sharifpur,45
419,Hajipur,45
418,Rasulpur,45
417,Durgapur,45
416,Narottampur,45
415,Mirwarishpur,45
414,Begumganj,45
413,Eklashpur,45
412,Rajganj,45
411,Chayani,45
410,Alyearpur,45
409,Kutubpur,45
408,Jirtali,45
407,Gopalpur,45
406,Amanullapur,45
405,Rampur,44
404,Charelahi,44
403,Musapur,44
402,Charfakira,44
401,Charkakra,44
400,Charhazari,44
399,Charparboti,44
398,Sirajpur,44
397,Noakhali,43
396,Andarchar,43
395,East Charmatua,43
394,Newajpur,43
393,Ashwadia,43
392,Kaladara,43
391,Aujbalia,43
390,Dharmapur,43
389,Binodpur,43
388,Kadirhanif,43
387,Noannoi,43
386,Dadpur,43
385,Charmatua,43
384,Ghilachhari,42
383,Burighat,42
382,Naniarchar,42
381,Sabekkhong,42
380,Dumdumya,41
379,Moidong,41
378,Banajogichara,41
377,Juraichari,41
376,Farua,40
375,Belaichari,40
374,Kengrachari,40
373,Bangalhalia,39
372,Gaindya,39
371,Ghilachari,39
370,Atarakchara,38
369,Kalapakujja,38
368,Gulshakhali,38
367,Bogachattar,38
366,Vasannadam,38
365,Maeinimukh,38
364,Langad,38
363,Borohorina,37
362,Aimachara,37
361,Bushanchara,37
360,Barkal,37
359,Subalong,37
358,Baghaichari,36
357,Sharoyatali,36
356,Khedarmara,36
355,Marisha,36
354,Rupokari,36
353,Bongoltali,36
352,Amtali,36
351,Sajek,36
350,Kalampati,35
349,Betbunia,35
348,Fatikchari,35
347,Ghagra,35
346,Chitmorom,34
345,Chandraghona,34
344,Wagga,34
343,Kaptai,34
342,Raikhali,34
341,Mogban,33
340,Balukhali,33
339,Bandukbhanga,33
338,Kutukchari,33
337,Sapchari,33
336,Jibtali,33
335,Paharpur,32
334,Charislampur,32
333,Bishupor,32
332,Singerbil,32
331,Pattan,32
330,Harashpur,32
329,Champaknagar,32
328,Ichapura,32
327,Chandura,32
326,Bhudanty,32
325,Manikpur,31
324,Ujanchar,31
323,Salimabad,31
322,Rupushdi,31
321,Fardabad,31
320,Ayabpur,31
319,Bancharampur,31
318,Saifullyakandi,31
317,Darikandi,31
316,Sonarampur,31
315,Dariadulat,31
314,Pahariya Kandi,31
313,Tazkhali,31
312,Kaitala (South),30
311,Kaitala (North),30
310,Ratanpur,30
309,Salimganj,30
308,Barikandi,30
307,Rasullabad,30
306,Shamogram,30
305,Satmura,30
304,Ibrahimpur,30
303,Laurfatehpur,30
302,Jinudpur,30
301,Sreerampur,30
300,Shibpur,30
299,Bitghar,30
298,Nabinagarw,30
297,Nabinagare,30
296,Biddayakut,30
295,Nathghar,30
294,Krishnanagar,30
293,Birgaon,30
292,Barail,30
291,Akhauras,29
290,Akhauran,29
289,Mogra,29
288,Dharkhar,29
287,Monionda,29
286,Tarua,28
285,Lalpur,28
284,Sarifpur,28
283,Talshaharw,28
282,Araishidha,28
281,Durgapur,28
280,Charchartala,28
279,Ashuganj,28
278,Shahbazpur,27
277,Shahajadapur,27
276,Noagoun,27
275,Sarail,27
274,Panishor,27
273,Kalikaccha,27
272,Chunta,27
271,Pakshimuul,27
270,Auraol,27
269,Gokarna,26
268,Purbabhag,26
267,Haripur,26
266,Dharnondol,26
265,Chapartala,26
264,Goniauk,26
263,Fandauk,26
262,Burishwar,26
261,Nasirnagar,26
260,Goalnagar,26
259,Kunda,26
258,Bhalakut,26
257,Chatalpar,26
256,Bayek,25
255,Kayempur,25
254,Kuti,25
253,Kasbaw,25
252,Gopinathpur,25
251,Benauty,25
250,Kharera,25
249,Badair,25
248,Mehari,25
247,Mulagram,25
246,Majlishpur,24
245,Bodhal,24
244,Shuhilpur,24
243,Natai,24
242,Natai,24
241,Talsahar,24
240,Sadekpur,24
239,Ramrail,24
238,Sultanpur,24
237,Machihata,24
236,Basudeb,24
235,Jayloskor,23
234,Matubhuiyan,23
233,Daganbhuiyan,23
232,Yeakubpur,23
231,Ramnagar,23
230,Purbachandrapur,23
229,Rajapur,23
228,Sindurpur,23
227,Boxmahmmud,22
226,Ctholia,22
225,Mizanagar,22
224,Gmhat,21
223,Amzadhat,21
222,Anandopur,21
221,Dorbarpur,21
220,Munshirhat,21
219,Fulgazi,21
218,Nababpur,20
217,Amirabad,20
216,Sonagazi,20
215,Chorchandia,20
214,Chardorbesh,20
213,Mongolkandi,20
212,Motigonj,20
211,Bogadana,20
210,Charmozlishpur,20
209,Forhadnogor,19
208,Fazilpur,19
207,Motobi,19
206,Chonua,19
205,Lemua,19
204,Dholia,19
203,Baligaon,19
202,Kalidah,19
201,Kazirbag,19
200,Dhormapur,19
199,Panchgachia,19
198,Sarishadi,19
197,Gopal,18
196,Radhanagar,18
195,Subhapur,18
194,Pathannagar,18
193,Mohamaya,18
192,Perul (South),17
191,Perul (North),17
190,Belgor (South),17
189,Belgor (North),17
188,Bhuloin (South),17
187,Bhuloin (North),17
186,Bagmara (South),17
185,Bagmara (North),17
184,Rajapur,16
183,Sholonal,16
182,Pirjatrapur,16
181,Bakshimul,16
180,Burichang Sadar,16
179,Mokam,16
178,Varella,16
177,Moynamoti,16
176,Majidpur,15
175,Zearkandi,15
174,Narayandia,15
173,Vitikandi,15
172,Kalakandi,15
171,Karikandi,15
170,Balorampur,15
169,Jagatpur,15
168,Satani,15
167,Bijoypur,14
166,Perul (South),14
165,Perul (North),14
164,Belgor (South),14
163,Belgor (North),14
162,Bhuloin (South),14
161,Bhuloin (North),14
160,Bagmara (South),14
159,Bagmara (North),14
158,Jorkanonwest,14
157,Goliara,14
156,Jorkanoneast,14
155,Baropara,14
154,Chuwara,14
153,Bipulashar,13
152,Natherpetua,13
151,Uttarhowla,13
150,Khela,13
149,Lokkhanpur,13
148,Moishatua,13
147,Jholam (South),13
146,Jholam (North),13
145,Hasnabad,13
144,Shoroshpur,13
143,Baishgaon,13
142,Vaorkhola,12
141,Luterchar,12
140,Govindapur,12
139,Barakanda,12
138,Manikarchar,12
137,Radanagar,12
136,Chalibanga,12
135,Chandanpur,12
134,Jagannatpur,11
133,Panchthubi,11
132,Amratoli,11
131,South Durgapur,11
130,North Durgapur,11
129,Kalirbazer,11
128,Satbaria,10
127,Boxgonj,10
126,Doulkha,10
125,Dhalua,10
124,Judda,10
123,Adra,10
122,Heshakhal,10
121,Makrabpur,10
120,Mokara,10
119,Raykot,10
118,Paria,10
117,Bangadda,10
116,Tanki,9
115,Babutipara,9
114,Paharpur,9
113,Darura,9
112,Salikandi,9
111,Jahapur,9
110,Damgar,9
109,Nobipur (West),9
108,Nobipur (East),9
107,Muradnagar Sadar,9
106,Ramachandrapur (South),9
105,Ramachandrapur (North),9
104,Jatrapur,9
103,Camalla,9
102,Chapitala,9
101,Bangara (West),9
100,Bangara (East),9
99,Purbadair (West),9
98,Purbadair (East),9
97,Andicot,9
96,Akubpur,9
95,Sreekil,9
94,Azgora,8
93,Laksam Purba,8
92,Uttarda,8
91,Gobindapur,8
90,Kandirpar,8
89,Mudafargonj,8
88,Bakoi,8
87,Dulalpur,7
86,Joypur,7
85,Garmora,7
84,Nilokhi,7
83,Vashania,7
82,Chanderchor,7
81,Asadpur,7
80,Gagutiea,7
79,Mathabanga,7
78,Baropara,6
77,West Passgacia,6
76,Podua,6
75,Betessor,6
74,Maruka,6
73,Goalmari,6
72,West Mohammadpur,6
71,East Mohammadpur,6
70,Gouripur,6
69,Sundolpur,6
68,Zinglatoli,6
67,South Eliotgonj,6
66,North Eliotgonj,6
65,Daudkandi,6
64,Doulotpur,6
63,Alkara,5
62,Goonabati,5
61,Jagannatdighi,5
60,Cheora,5
59,Kankapait,5
58,Batisha,5
57,Moonshirhat,5
56,Ghulpasha,5
55,Shuvapur,5
54,Kalikapur,5
53,Kashinagar,5
52,Sreepur,5
51,Borcoit,4
50,Barera,4
49,Etberpur,4
48,Maijkhar,4
47,Keronkhal,4
46,Gollai,4
45,Mohichial,4
44,Dollai Nowabpur,4
43,Madhaiya,4
42,Borcarai,4
41,Joag,4
40,Bataghashi,4
39,Shuhilpur,4
38,Madhabpur,3
37,Malapara,3
36,Shahebabad,3
35,Brahmanpara Sadar,3
34,Dulalpur,3
33,Shashidal,3
32,Chandla,3
31,Shidli,3
30,Laxmipur,2
29,Payalgacha,2
28,Adra,2
27,Adda,2
26,Bhaukshar,2
25,Shakpur,2
24,Galimpur,2
23,South Shilmuri,2
22,North Shilmuri,2
21,Chitodda,2
20,Jhalam,2
19,South Khoshbas,2
18,North Khoshbas,2
17,Bhabanipur,2
16,Aganagar,2
15,Sultanpur,1
14,Barkamta,1
13,Vani,1
12,Mohanpur,1
11,Dhampti,1
10,Jafargonj,1
9,Elahabad,1
8,Fatehabad,1
7,Rasulpur,1
6,Yousufpur,1
5,Rajameher,1
4,Boroshalghor,1
3,South Gunaighor,1
2,North Gunaighor,1
1,Subil,1
